catalog,translation_key,archive,status,korean
core-ui-all.json,ceb5edec1018621dff9da2dc,,확정 판정 · 원본 글리프 보존,"ふつる{GLYPH:218}専物ふつる{GLYPH:218}やト
ダ敵も6壊るガあ
せ下使陽物陽な{GLYPH:230}
せ下{GLYPH:229}{GLYPH:230}陽物陽{GLYPH:230}{GLYPH:230}下"
core-ui-all.json,c85e806e961972bb7bc4d331,,확정 판정 · 원본 글리프 보존,"ふつる{GLYPH:218}や物ふつる{GLYPH:218}専ト
ダ敵も6壊るガあ
せ下使陽物陽な{GLYPH:230}
せ下{GLYPH:229}{GLYPH:230}陽物陽{GLYPH:230}{GLYPH:230}下"
core-ui-all.json,983cacf018a331a0a55c5b1e,,확정 판정 · 원본 글리프 보존,"ふつる{GLYPH:218}専物ふつる{GLYPH:218}やト
ダ敵も6壊るガあ
せ下使陽物陽な{GLYPH:230}
せ下{GLYPH:229}{GLYPH:230}陽物陽{GLYPH:230}{GLYPH:230}下"
core-ui-all.json,e4133f9162d22897272e4ddd,,확정 판정 · 원본 글리프 보존,"ふつる{GLYPH:218}や物ふつる{GLYPH:218}専ト
ダ敵も6壊るガあ
せ下使陽物陽な{GLYPH:230}
せ下{GLYPH:229}{GLYPH:230}陽物陽{GLYPH:230}{GLYPH:230}下"
core-ui-all.json,9086784ea811f393333827a0,,자체 검수,"[disc 교체]
[disc1]으로 교체해 주십시오"
core-ui-all.json,ecff4e77deef477e337784fd,,자체 검수,"[disc 교체]
[disc2]로 교체해 주십시오"
core-ui-all.json,9305bb23204d281e9dd094c7,,자체 검수,'데프 빅의 귀중한 CD' 클리어!
core-ui-all.json,da3d364a1bf289bb7a7b96cf,,자체 검수,"'무엇이든 듣는 약' 클리어!
설정 자료집 44를 받았다!
(책장에서 볼 수 있습니다)"
core-ui-all.json,37c71e1acb73d212c67e983f,,자체 검수,"피치 너트를 건넸다
'소중한 약속 2' 클리어!"
core-ui-all.json,f079694a8955b486667fba44,,자체 검수,"붉은 찻잎을 건넸다
'궁극의 찻잎을 찾아서 1' 클리어!"
core-ui-all.json,7a1bcb62113fe315b436f42e,,자체 검수,"노란 찻잎을 건넸다
'궁극의 찻잎을 찾아서 2' 클리어!"
core-ui-all.json,7830db97eccfa9b1a30e9a87,,자체 검수,"하늘색 찻잎을 건넸다
'궁극의 찻잎을 찾아서 3' 클리어!"
core-ui-all.json,5ce6eaa57c456eb85894f074,,자체 검수,"푸른 찻잎을 건넸다
'궁극의 찻잎을 찾아서 4' 클리어!"
core-ui-all.json,841e746ea9302730cfbcca94,,자체 검수,"보라색 찻잎을 건넸다
'궁극의 찻잎을 찾아서 5' 클리어!"
core-ui-all.json,666c45b035dc75ce99d1936e,,자체 검수,"흰 찻잎을 건넸다
'궁극의 찻잎을 찾아서 6' 클리어!"
core-ui-all.json,0956b58a0498c8fa0a9d5077,,자체 검수,"초록 찻잎을 건넸다
'궁극의 찻잎을 찾아서 7' 클리어!"
core-ui-all.json,d49b3009113fc688beff4bc1,,자체 검수,"비디오테이프 24를 받았다!
(텔레비전에서 볼 수 있습니다)"
core-ui-all.json,3ab51f971f594ccd7bac7d18,,자체 검수,'브렌다 리포트 1건째' 클리어!
core-ui-all.json,de0f5f95d880dcff61fb33d7,,자체 검수,'브렌다 리포트 2건째' 클리어!
core-ui-all.json,2f07d292d970f66da7bdfd63,,자체 검수,'브렌다 리포트 3건째' 클리어!
core-ui-all.json,aaef383ab1ae996e48551b9c,,자체 검수,'브렌다 리포트 4건째' 클리어!
core-ui-all.json,77526edd3b446d2e4d68adf2,,자체 검수,'브렌다 리포트 5건째' 클리어!
core-ui-all.json,0d437c4f0e39912f38ba18b3,,자체 검수,"비디오테이프 17을 받았다!
(텔레비전에서 볼 수 있습니다)"
core-ui-all.json,b86eaeb60a9571094c97622c,,자체 검수,'자아 찾기 퀴즈 아줌마 1' 클리어!
core-ui-all.json,65f14943580e253d33fee66e,,자체 검수,'자아 찾기 퀴즈 아줌마 2' 클리어!
core-ui-all.json,3bfc01445d7e1cc69412b7ab,,자체 검수,'자아 찾기 퀴즈 아줌마 3' 클리어!
core-ui-all.json,394e987197f31e761f317178,,자체 검수,'자아 찾기 퀴즈 아줌마 4' 클리어!
core-ui-all.json,ce4f1f31fdab8ae711346c9d,,자체 검수,'자아 찾기 퀴즈 아줌마 5' 클리어!
core-ui-all.json,0ad2d82241ead8ab833d1947,,자체 검수,'자아 찾기 퀴즈 아줌마 6' 클리어!
core-ui-all.json,c7d9eaa5fd3e67a7dcd2e3cf,,자체 검수,"설정 자료집 40을 받았다!
(책장에서 볼 수 있습니다)"
core-ui-all.json,da72d8a14c1d66b20103c443,,자체 검수,"아나는 가 버렸다
'아나의 야망 1' 클리어!"
core-ui-all.json,41563a1b64b801743ff872d6,,자체 검수,"아나는 가 버렸다
'아나의 야망 2' 클리어!"
core-ui-all.json,126419c4ae93bd62b704b421,,자체 검수,"[disc 교체]
[disc1]으로 교체해 주십시오"
core-ui-all.json,26c749f73bb820a26ac0d373,,자체 검수,"[disc 교체]
[disc2]로 교체해 주십시오"
core-ui-all.json,ad8498a73ca300cca05ba9a3,,자체 검수,"비디오테이프 24를 받았다!
(텔레비전에서 볼 수 있습니다)"
core-ui-all.json,6b831468580bcbcfd841eabf,,자체 검수,'브렌다 리포트 1건째' 클리어!
core-ui-all.json,df5ab70491d782e596fd1c63,,자체 검수,'브렌다 리포트 2건째' 클리어!
core-ui-all.json,ae53d330b9f70619b3e37c7d,,자체 검수,"비디오테이프 17을 받았다!
(텔레비전에서 볼 수 있습니다)"
core-ui-all.json,b51c553c59330b20dae9c82a,,자체 검수,EF-MD1991
core-ui-all.json,eb12050c701fd99839525d75,,자체 검수,EF-DC1998
core-ui-all.json,f0c2f082cc4e6e7fd1d9756f,,자체 검수,EF-XB2006
core-ui-all.json,04f99044fab12a2e743a3729,,자체 검수,열혈 EF-XB2006
core-ui-all.json,776a902b9a8fe6c7e74b0ef7,,자체 검수,응석받이 EF-XB2006
core-ui-all.json,d860dd176ad603bfb3407e48,,자체 검수,냉철한 EF-XB2006
core-ui-all.json,21808994851a58f9c98b53a4,,자체 검수,"'무엇이든 듣는 약' 클리어!
설정 자료집 44을 받았다!
(책장에서 볼 수 있습니다)"
core-ui-all.json,b8c82adc7bca2347fc5b3a2f,,자체 검수,"비디오테이프 24를 받았다!
(텔레비전에서 볼 수 있습니다)"
core-ui-all.json,fe61d8d72dfee84645e30aad,,자체 검수,"비디오테이프 17을 받았다!
(텔레비전에서 볼 수 있습니다)"
core-ui-all.json,95d52c2cdf8a92089d8ffa4b,,자체 검수,"설정 자료집 40을 받았다!
(책장에서 볼 수 있습니다)"
core-ui-all.json,11e6d3d8e46a2be5352683ce,,자체 검수,"아나는 가 버렸다
'아나의 야망 1' 클리어!"
core-ui-all.json,15829e83fef09ca07119010f,,자체 검수,"아나는 가 버렸다
'아나의 야망 2' 클리어!"
core-ui-all.json,1807e7ef4d4ac2647f1c61aa,,자체 검수,"비디오테이프 24를 받았다!
(텔레비전에서 볼 수 있습니다)"
core-ui-all.json,f9aeab92784b3fc80d481751,,자체 검수,"비디오테이프 17을 받았다!
(텔레비전에서 볼 수 있습니다)"
cutscenes-all.json,8530112db105b60c39242c12,evrt_m0_01_05,사용자 검수,"웬일로 순순히 인정하네
Dr. 에그맨"
cutscenes-all.json,22b648408204767892e911b6,evrt_m0_01_05,사용자 검수,"…제법이잖아
Dr. 에그맨!"
cutscenes-all.json,29d4a8d4d780de842dc63da4,evrt_m1_03_2,사용자 검수,"뭐, 조만간 Dr. 에그맨 녀석을 붙잡아서
어떻게든 하게 만들 거야"
cutscenes-all.json,c73937643a86150f5d2053d3,evrt_m1_03_2,사용자 검수,Dr. 에그맨의 짓이군!
cutscenes-all.json,fb910d1e6a1af07ecaed0562,evrt_m1_03_2,사용자 검수,"OK, 한번 다녀와 볼까!"
cutscenes-all.json,f2ac3af6815b0e00ef38c8d8,evrt_m2_01,사용자 검수,Dr. 에그맨의 짓이군!
cutscenes-all.json,e5081c6a620bbfc89ee79a0a,evrt_m2_01,사용자 검수,"OK, 한번 다녀와 볼까!"
cutscenes-all.json,4785c04bc1fe8a8979000916,evrt_m2_02,자체 검수,"샌드위치라면
빵 두께는 정확히 5밀리미터"
cutscenes-all.json,ccb1c9900f7c13112289f4ff,evrt_m2_03,사용자 검수,"아마 Dr. 에그맨이
억지로 깨웠기 때문이겠지요"
cutscenes-all.json,151043fa1fe662c9b5bd90c4,evrt_m3_02,사용자 검수,Dr. 에그맨!
cutscenes-all.json,e14252a13f8b6713f834bdd7,evrt_m3_03,사용자 검수,"그래서 Dr. 에그맨이
차지하려 했던 거구나"
cutscenes-all.json,98a8c59553b26dfbf728b350,evrt_m3_05,사용자 검수,Excellent!
cutscenes-all.json,41394968d6daabdfe1010d1f,evrt_m4_01,자체 검수,현재까지 완성도는 27퍼센트
cutscenes-all.json,72b475ae037a298ac50a35e0,evrt_m5_02,자체 검수,"7개 대륙 모두에서
'다크 가이아'의 활성화를 확인"
cutscenes-all.json,1d70519fdd5e80f9e91dc3ca,evrt_m5_02,사용자 검수,역시 세기의 천재 Dr. 에그맨 님!
cutscenes-all.json,8e3ec78c12db3d2dd9d9f1b7,evrt_m6_02,사용자 검수,Fantastic!
cutscenes-all.json,261837789180fc0cbc6e7687,evrt_m6_03,자체 검수,Hey!
cutscenes-all.json,cb8a0e30dc35fc1bce4c7e2c,evrt_m7_01,사용자 검수,"이 천재 Dr. 에그맨 님이
다크 가이아의 에너지를 이용해"
cutscenes-all.json,b1d2141c062edb87de1967bc,evrt_m7_01,사용자 검수,"OK, 화려하게 시작해 보자!"
cutscenes-all.json,e4c9fc5be159ad91f540976e,evrt_m8_02,사용자 검수,Dr. 에그맨!
cutscenes-all.json,f14e460473c769828feed0f0,evrt_m8_02,자체 검수,"울트라 하이퍼 프로토타입
1호다!"
cutscenes-all.json,ca7ffcc860309e7aae01f090,evrt_m8_04,자체 검수,"으으, 이렇게 된 이상
프로토타입 2호를…"
cutscenes-all.json,560f4a5ded62bf8439006aa6,evrt_m8_06_2,사용자 검수,"OK, Buddy!"
hint-all.json,e92b5a2d4fb93d4da1d7f0a5,EvilActionCommon,자체 검수,Oh no!
hint-all.json,8fd9fae57663c7bbdf2c9f27,ExStageTails_Common,자체 검수,What!? 저 녀석은 뭐야?
hint-all.json,f453f923c37249574560d7a8,SonicActionCommon,자체 검수,READY…
hint-all.json,674559aa205ae8d61b65b8d3,SonicActionCommon,자체 검수,GO!
hint-all.json,885d07e58ee11ea8299ca225,SonicActionCommon,자체 검수,"Ha! 늘 그렇듯
허세뿐이군!"
hint-all.json,2e75794b1f35a51d4b529a09,SonicActionCommon,자체 검수,"예상 밖의 전투력입니다
전투 모드 레벨 2로 이행합니다"
hint-all.json,8fd3c4e8011285572e116148,SonicActionCommon,자체 검수,"전투 모드 레벨 3으로 이행합니다
전력 공격에 들어갑니다"
hint-all.json,c78ec61df6f6ffcd4befd868,SonicActionCommon,자체 검수,"컨디션 옐로
전투 모드 레벨 2로 이행합니다"
hint-all.json,d0b0584db706ec8e6c8f3d08,SonicActionCommon,자체 검수,"컨디션 레드
전투 모드 레벨 3으로 이행합니다"
hint-all.json,019992580bc73c1763939026,Town_Africa_Common,자체 검수,"음~
3천 년 전의 맛이 나… 아마도"
hint-all.json,553ef4d8758713b04559a862,Town_Africa_Common,자체 검수,"여러 사람이 있는 공원이네
그런데 DJ가 뭐야?"
hint-all.json,ef403d2d65bace93d8cec98e,Town_Mykonos_Common,자체 검수,"여러 사람이 있는 공원이네
그런데 DJ가 뭐야?"
item-ui-all.json,17c0a8a334d70837af3d84c1,,자체 검수,"5년 정도 푹 숙성한 치즈
데우면 알맞게 녹아 맛있다"
item-ui-all.json,1256a87c5bc3d3079f9bfa7d,,자체 검수,"아주 유명한 린 씨의 고기만두
90년 동안 가격과 맛이 그대로다"
item-ui-all.json,30eb9ce57c27e4d38238021f,,자체 검수,3천 년 전의 얼음
item-ui-all.json,101d6c140dbdd7979ae1b55f,,자체 검수,"선명한 녹색을 띤 담백한 흰살생선
큰 것은 2미터 정도까지 자란다"
item-ui-all.json,44f1302557ff656c3250ddee,,자체 검수,"세계 3대 과일 중 하나라고 한다
그 맛은…… 직접 먹어 보고 확인하시길"
item-ui-all.json,d82107eb050e652eb274c4b5,,자체 검수,"에그맨이 늘 착용하는 고글
(사용 연령 3세 이하)"
item-ui-all.json,f718c628a3ba0d6a3a2b0c89,,자체 검수,차오비탄 A
item-ui-all.json,e51a137a501c65e0a51693d3,,자체 검수,"야리페카가 부탁한 것
50년 묵은 육포"
item-ui-all.json,88467ab3f05c89f4561d80ec,,자체 검수,CD
item-ui-all.json,6399880e11367da22e69e08f,,자체 검수,"데프 빅이 부탁한 CD
흠집이 나면 못 쓰게 된다"
item-ui-all.json,4720fb3920eb01fc8bf0a85a,,자체 검수,설정 자료집 1
item-ui-all.json,a273178194d36181747f2737,,자체 검수,설정 자료집 2
item-ui-all.json,1dcf78b4f47feb7da96b9ee1,,자체 검수,설정 자료집 3
item-ui-all.json,7a5fc1fbf0253914fe8968e7,,자체 검수,설정 자료집 4
item-ui-all.json,dae9e80dd774d8376afcdc55,,자체 검수,설정 자료집 5
item-ui-all.json,e52ca8e2a56bdf74d5c7fa09,,자체 검수,설정 자료집 6
item-ui-all.json,805bd596514ca60bf2285306,,자체 검수,설정 자료집 7
item-ui-all.json,40667de046ce0943c763d1a2,,자체 검수,설정 자료집 8
item-ui-all.json,377968046085524491a6f7e5,,자체 검수,설정 자료집 9
item-ui-all.json,01a020ccc16529748cbf2b5f,,자체 검수,설정 자료집 10
item-ui-all.json,f4a128389d791b0cbb37f92a,,자체 검수,설정 자료집 11
item-ui-all.json,7809a97c70e7aadaa5b8cd2c,,자체 검수,설정 자료집 12
item-ui-all.json,fa2b5d150fbe7325f9049e33,,자체 검수,설정 자료집 13
item-ui-all.json,4e556b187ddb0959b5871105,,자체 검수,설정 자료집 14
item-ui-all.json,fb23e47cf82191fdc7912bda,,자체 검수,설정 자료집 15
item-ui-all.json,f0b1e157f50af25e5b4e68b6,,자체 검수,설정 자료집 16
item-ui-all.json,946edba6ab534e1adbdc7199,,자체 검수,설정 자료집 17
item-ui-all.json,a9a36e1d3b70484e20b8fabd,,자체 검수,설정 자료집 18
item-ui-all.json,46b437a8bb446b2d885ca4bf,,자체 검수,설정 자료집 19
item-ui-all.json,29722c87bc73de68cf38c97b,,자체 검수,설정 자료집 20
item-ui-all.json,784daa51dafa134257efa319,,자체 검수,설정 자료집 21
item-ui-all.json,82bfe2b8265f722e27a92acd,,자체 검수,설정 자료집 22
item-ui-all.json,eb9d581ee367bcc67136c7f3,,자체 검수,설정 자료집 23
item-ui-all.json,2cab27fc65503d0396e4aa24,,자체 검수,설정 자료집 24
item-ui-all.json,54a10c1d0057d1407e522ea5,,자체 검수,설정 자료집 25
item-ui-all.json,13c4ddb44d8b4d16d79f0d87,,자체 검수,설정 자료집 26
item-ui-all.json,9a901b805cdd75274593fb6d,,자체 검수,설정 자료집 27
item-ui-all.json,d68118702507262d0f2ec11e,,자체 검수,설정 자료집 28
item-ui-all.json,3038a497829e4738c4eaec55,,자체 검수,설정 자료집 29
item-ui-all.json,9c2293a67ffc43bfbd82839f,,자체 검수,설정 자료집 30
item-ui-all.json,f83f04e0bdda46214878642c,,자체 검수,설정 자료집 31
item-ui-all.json,66a466fc4af65b3bf52405db,,자체 검수,설정 자료집 32
item-ui-all.json,a6f50e143c1d77458af4971e,,자체 검수,설정 자료집 33
item-ui-all.json,3289c46c7eafa585dadc06b1,,자체 검수,설정 자료집 34
item-ui-all.json,c06e8ed27a2f586230b2b3e1,,자체 검수,설정 자료집 35
item-ui-all.json,2d316b204a1ff046a79f3bfa,,자체 검수,설정 자료집 36
item-ui-all.json,daea950adf7afc9d19df0539,,자체 검수,설정 자료집 37
item-ui-all.json,85a52fbd74efdf9ffaef20b6,,자체 검수,설정 자료집 38
item-ui-all.json,c1accc1cf819d8314e796718,,자체 검수,설정 자료집 39
item-ui-all.json,21d3b1c4b2ad239b489651c6,,자체 검수,설정 자료집 40
item-ui-all.json,57a4ecbd76fdd3f63ee74578,,자체 검수,설정 자료집 41
item-ui-all.json,d11bee0c4ca07b8a33ac4d78,,자체 검수,설정 자료집 42
item-ui-all.json,924a8f21d9834c17656efa61,,자체 검수,설정 자료집 43
item-ui-all.json,67f31f44b435cdc15d83f477,,자체 검수,설정 자료집 44
item-ui-all.json,e6492e0cdd7d57324e6056fa,,자체 검수,설정 자료집 45
item-ui-all.json,45afc3e827aff38a0682556c,,자체 검수,설정 자료집 46
item-ui-all.json,398764979bdd1dd8de1cfa66,,자체 검수,설정 자료집 47
item-ui-all.json,8f618455cdca7f7a96351448,,자체 검수,설정 자료집 48
item-ui-all.json,ceee19742daba720324104ed,,자체 검수,설정 자료집 49
item-ui-all.json,08b3cfab00b62b5847c46868,,자체 검수,설정 자료집 50
item-ui-all.json,ebcf99ada24cc1ee68529fb4,,자체 검수,설정 자료집 51
item-ui-all.json,727c23318872ea46ef777742,,자체 검수,설정 자료집 52
item-ui-all.json,9a7898a76fcf69111bd5bf61,,자체 검수,설정 자료집 53
item-ui-all.json,18b4846ffd19280f65772992,,자체 검수,설정 자료집 54
item-ui-all.json,272c472fd1a8fb5e2f53597d,,자체 검수,설정 자료집 55
item-ui-all.json,9a65000e42137c745af99b31,,자체 검수,설정 자료집 56
item-ui-all.json,3fc65e1f5afb3a166f44e6c3,,자체 검수,설정 자료집 57
item-ui-all.json,932ceab3d86fbf2b7bf1e2dd,,자체 검수,설정 자료집 58
item-ui-all.json,cbecbd317a76bed96e357c1c,,자체 검수,설정 자료집 59
item-ui-all.json,c61012c2a6fb6f789204c484,,자체 검수,설정 자료집 60
item-ui-all.json,268679fef0c2e8790b1c6c9e,,자체 검수,설정 자료집 61
item-ui-all.json,01ca9e2d9bbae996ca5049bd,,자체 검수,설정 자료집 62
item-ui-all.json,13365c7327bd56308ab490ba,,자체 검수,설정 자료집 63
item-ui-all.json,41d45cde8864e2494619fa6d,,자체 검수,설정 자료집 64
item-ui-all.json,e7591eafdd79041bcbe878bf,,자체 검수,설정 자료집 65
item-ui-all.json,4af58a19b144d27686f42bf9,,자체 검수,설정 자료집 66
item-ui-all.json,54b7848bc1a83fe3b355d142,,자체 검수,설정 자료집 67
item-ui-all.json,3959815cbe8527b43260c08b,,자체 검수,설정 자료집 68
item-ui-all.json,73f206bfe59503f4c9e3d60c,,자체 검수,설정 자료집 69
item-ui-all.json,61559bf86498be93e750eb9b,,자체 검수,설정 자료집 70
item-ui-all.json,9eaef7b74e42502bd13b8f01,,자체 검수,설정 자료집 71
item-ui-all.json,0b59cb208fdb16b63ca6d2b6,,자체 검수,레코드 1
item-ui-all.json,814a73648361e35d32cd110d,,자체 검수,"The World Adventure
(축음기 또는 오디오로 들을 수 있습니다)"
item-ui-all.json,ef062a4c0c8822759b2dfcc0,,자체 검수,레코드 2
item-ui-all.json,79e0ffb75a9c8f9e9c9017b2,,자체 검수,"Endless Possibility
(축음기 또는 오디오로 들을 수 있습니다)"
item-ui-all.json,8bcfea198962dacd8d080c1c,,자체 검수,레코드 3
item-ui-all.json,3af3f9d9b61cfe1ab9cc1408,,자체 검수,"Dear My Friend
(축음기 또는 오디오로 들을 수 있습니다)"
item-ui-all.json,f209d307ec617d31ca37fe75,,자체 검수,레코드 4
item-ui-all.json,d4f89413f06e32435650eb8f,,자체 검수,"Suburbs of Windmill Isle - Day
(축음기 또는 오디오로 들을 수 있습니다)"
item-ui-all.json,da3f666be19d37ec512fb38b,,자체 검수,레코드 5
item-ui-all.json,95ba208e25ad8c5bfd002d5c,,자체 검수,"Windmill Isle - Day
(축음기 또는 오디오로 들을 수 있습니다)"
item-ui-all.json,b65348b0985a65a909c698b0,,자체 검수,레코드 6
item-ui-all.json,a03eb6738e97c3dea33823d7,,자체 검수,"Savannah Citadel - Day
(축음기 또는 오디오로 들을 수 있습니다)"
item-ui-all.json,159d5d1b66d77dee9023df7c,,자체 검수,레코드 7
item-ui-all.json,53f0deda72ccdd0ff4e10b17,,자체 검수,"Cool Edge - Day
(축음기 또는 오디오로 들을 수 있습니다)"
item-ui-all.json,031b9789ed1a19ddcfb3c3ac,,자체 검수,레코드 8
item-ui-all.json,96e71a80f0fe466965950631,,자체 검수,"Rooftop Run - Day
(축음기 또는 오디오로 들을 수 있습니다)"
item-ui-all.json,73dd4f1fb48b4b4bf2e12e33,,자체 검수,레코드 9
item-ui-all.json,94530926fa598dcaff0b4b07,,자체 검수,"Dragon Road - Day
(축음기 또는 오디오로 들을 수 있습니다)"
item-ui-all.json,cde98c1d4f84efd258280099,,자체 검수,레코드 10
item-ui-all.json,0ddbced904d1d8ddecb0d821,,자체 검수,"Arid Sands - Day
(축음기 또는 오디오로 들을 수 있습니다)"
item-ui-all.json,a867b7423feac0d9bac8a530,,자체 검수,레코드 11
item-ui-all.json,8b02a22c9aa0212d7cbb0c03,,자체 검수,"Skyscraper Scamper - Day
(축음기 또는 오디오로 들을 수 있습니다)"
item-ui-all.json,fa797784c6bd630141cff0ee,,자체 검수,레코드 12
item-ui-all.json,0e13326b3ccdfe1ff7fa112c,,자체 검수,"Jungle Joyride - Day
(축음기 또는 오디오로 들을 수 있습니다)"
item-ui-all.json,05d755840f0f3c7cad6e1f5a,,자체 검수,레코드 13
item-ui-all.json,166f613619b54f9ae66f4423,,자체 검수,"Eggmanland - Day
(축음기 또는 오디오로 들을 수 있습니다)"
item-ui-all.json,75d8cc6769241bbb474b77d9,,자체 검수,레코드 14
item-ui-all.json,d3894350634a5a425c099127,,자체 검수,"Werehog Battle Theme
(축음기 또는 오디오로 들을 수 있습니다)"
item-ui-all.json,11108c9851427e81604506d8,,자체 검수,레코드 15
item-ui-all.json,e217b7255a2bac15f3e12526,,자체 검수,"vs. Titan & Big Mother
(축음기 또는 오디오로 들을 수 있습니다)"
item-ui-all.json,c9bfdddf899c42f74f0c5ffc,,자체 검수,레코드 16
item-ui-all.json,8de34d1b820dec09d6f08b1a,,자체 검수,"Windmill Isle - Night
(축음기 또는 오디오로 들을 수 있습니다)"
item-ui-all.json,a1318313db5612ab0c5fb52b,,자체 검수,레코드 17
item-ui-all.json,16ab4e106fb0c2358b48d48d,,자체 검수,"Intro: Windmill Isle - Night
(축음기 또는 오디오로 들을 수 있습니다)"
item-ui-all.json,c6d91486165e941f9687479e,,자체 검수,레코드 18
item-ui-all.json,3e6a250ff855f3b42db2a639,,자체 검수,"Savannah Citadel - Night
(축음기 또는 오디오로 들을 수 있습니다)"
item-ui-all.json,b9b0caff47343031b29ca4b5,,자체 검수,레코드 19
item-ui-all.json,892e0ab87cad9f69f2237d32,,자체 검수,"Intro: Savannah Citadel - Night
(축음기 또는 오디오로 들을 수 있습니다)"
item-ui-all.json,f5ffb5884d8c95e0dee553b6,,자체 검수,레코드 20
item-ui-all.json,b9865d7cc0d9bca1d9fec3c1,,자체 검수,"Cool Edge - Night
(축음기 또는 오디오로 들을 수 있습니다)"
item-ui-all.json,c48b3da00d659131f10111ad,,자체 검수,레코드 21
item-ui-all.json,7d1543c642bb5d2141853449,,자체 검수,"Intro: Cool Edge - Night
(축음기 또는 오디오로 들을 수 있습니다)"
item-ui-all.json,718a4bcf11447a69785ba1c1,,자체 검수,레코드 22
item-ui-all.json,61e78a55c7589f9a5b8251ea,,자체 검수,"Rooftop Run - Night
(축음기 또는 오디오로 들을 수 있습니다)"
item-ui-all.json,1fc0c295d057816174b490ca,,자체 검수,레코드 23
item-ui-all.json,1ffe438e3c2dd20791f599bb,,자체 검수,"Intro: Rooftop Run - Night
(축음기 또는 오디오로 들을 수 있습니다)"
item-ui-all.json,96fe0b4d1c093d10abc939a2,,자체 검수,레코드 24
item-ui-all.json,55ad5a3dd3222c826d7004d5,,자체 검수,"Dragon Road - Night
(축음기 또는 오디오로 들을 수 있습니다)"
item-ui-all.json,f545c406b51aa8e9c5eebd55,,자체 검수,레코드 25
item-ui-all.json,a91fc4e8558cf2aa821e332d,,자체 검수,"Intro: Dragon Road - Night
(축음기 또는 오디오로 들을 수 있습니다)"
item-ui-all.json,b3905c57006e5d7ecc0a6513,,자체 검수,레코드 26
item-ui-all.json,38c43117fa07abdfa2caa5dc,,자체 검수,"Arid Sands - Night
(축음기 또는 오디오로 들을 수 있습니다)"
item-ui-all.json,e3be071f6beec40d95373c6f,,자체 검수,레코드 27
item-ui-all.json,7ed47f6d9f0164174cc24aa8,,자체 검수,"Intro: Arid Sands - Night
(축음기 또는 오디오로 들을 수 있습니다)"
item-ui-all.json,029f5e56c52f1197ca128d8e,,자체 검수,레코드 28
item-ui-all.json,8e54d9e6125c7423e43ba275,,자체 검수,"Skyscraper Scamper - Night
(축음기 또는 오디오로 들을 수 있습니다)"
item-ui-all.json,6f1f0fe7b0644d0c9dde1102,,자체 검수,레코드 29
item-ui-all.json,789dfc74375caf9df2d1a2b9,,자체 검수,"Intro: Skyscraper Scamper - Night
(축음기 또는 오디오로 들을 수 있습니다)"
item-ui-all.json,0269e7a48eb3980b0df67a86,,자체 검수,레코드 30
item-ui-all.json,7bfb363b44cbe8dca87356f7,,자체 검수,"Jungle Joyride - Night
(축음기 또는 오디오로 들을 수 있습니다)"
item-ui-all.json,6d4032896bd432f2d4354c7f,,자체 검수,레코드 31
item-ui-all.json,fdeaba90ae460245fa5b2424,,자체 검수,"Intro: Jungle Joyride - Night
(축음기 또는 오디오로 들을 수 있습니다)"
item-ui-all.json,3968151e8f610cbb6edde05a,,자체 검수,레코드 32
item-ui-all.json,85e65f31e7277b6349a5be27,,자체 검수,"Eggmanland - Night
(축음기 또는 오디오로 들을 수 있습니다)"
item-ui-all.json,9fd49c01fe0f4e40b0c8320f,,자체 검수,레코드 33
item-ui-all.json,2eb3fd1558759c83ec8ce6e2,,자체 검수,"Boss Battle - Day
(축음기 또는 오디오로 들을 수 있습니다)"
item-ui-all.json,103e08126e17e8a0668a0256,,자체 검수,레코드 34
item-ui-all.json,acdf863a397a79cc82f4c712,,자체 검수,"Boss Battle - Night
(축음기 또는 오디오로 들을 수 있습니다)"
item-ui-all.json,9fdc7b4e6a740d2ecd184de8,,자체 검수,레코드 35
item-ui-all.json,3a9785b1620ffb7815121f94,,자체 검수,"vs. Egg Dragoon
(축음기 또는 오디오로 들을 수 있습니다)"
item-ui-all.json,fb69c64177c1d4f699faae78,,자체 검수,레코드 36
item-ui-all.json,64fe78be8660646cb4868f7b,,자체 검수,"vs. Dark Gaia
(축음기 또는 오디오로 들을 수 있습니다)"
item-ui-all.json,4e599862c06e95503470ab17,,자체 검수,레코드 37
item-ui-all.json,a1e52a508d0c33efe1e90625,,자체 검수,"Super Sonic vs. Perfect Dark Gaia
(축음기 또는 오디오로 들을 수 있습니다)"
item-ui-all.json,5af0f8357406b46ca15cd8a5,,자체 검수,레코드 38
item-ui-all.json,ce1cc183b7518d8ecdad3e32,,자체 검수,"Tornado Defense - 1st Battle
(축음기 또는 오디오로 들을 수 있습니다)"
item-ui-all.json,4a0f4a0a4253308734733179,,자체 검수,레코드 39
item-ui-all.json,1bb1eec618d8151ac75d4696,,자체 검수,"Tornado Defense - 2nd Battle
(축음기 또는 오디오로 들을 수 있습니다)"
item-ui-all.json,72a34993c1776f2b21f45fd0,,자체 검수,레코드 40
item-ui-all.json,949bf6816faa891499f55585,,자체 검수,"Apotos - Day
(축음기 또는 오디오로 들을 수 있습니다)"
item-ui-all.json,bfd01caca53a33be14cbdeaa,,자체 검수,레코드 41
item-ui-all.json,aa94c35a955f7c6e7f2e5737,,자체 검수,"Apotos - Night
(축음기 또는 오디오로 들을 수 있습니다)"
item-ui-all.json,f855610f92f6710032045391,,자체 검수,레코드 42
item-ui-all.json,b33568bb621508aa912b0fad,,자체 검수,"Mazuri - Day
(축음기 또는 오디오로 들을 수 있습니다)"
item-ui-all.json,8a1a20aa2a7781c3be0f0a36,,자체 검수,레코드 43
item-ui-all.json,0dc263f5c4feeab05db759c8,,자체 검수,"Mazuri - Night
(축음기 또는 오디오로 들을 수 있습니다)"
item-ui-all.json,b60f3964af5d7e49fa69e880,,자체 검수,레코드 44
item-ui-all.json,151274c20e4174509ed2b110,,자체 검수,"Holoska - Day
(축음기 또는 오디오로 들을 수 있습니다)"
item-ui-all.json,06e9a95b85b198ff3bc4b848,,자체 검수,레코드 45
item-ui-all.json,deb7262c318f9ce844c9bb0b,,자체 검수,"Holoska - Night
(축음기 또는 오디오로 들을 수 있습니다)"
item-ui-all.json,72d5d26c5f88cfd42ebd57d1,,자체 검수,레코드 46
item-ui-all.json,68538eb7acfe2f193b97079f,,자체 검수,"Spagonia - Day
(축음기 또는 오디오로 들을 수 있습니다)"
item-ui-all.json,45b580192964d669349d0c95,,자체 검수,레코드 47
item-ui-all.json,870b6b8660dd83ff64de2f82,,자체 검수,"Spagonia - Night
(축음기 또는 오디오로 들을 수 있습니다)"
item-ui-all.json,9aade90e902f7e02f2ba53f0,,자체 검수,레코드 48
item-ui-all.json,0967dfb82a28560354fc5918,,자체 검수,"Chun-nan - Day
(축음기 또는 오디오로 들을 수 있습니다)"
item-ui-all.json,31a2731037b343d07064c029,,자체 검수,레코드 49
item-ui-all.json,b2a87a52d1e2fdf01d24eb97,,자체 검수,"Chun-nan - Night
(축음기 또는 오디오로 들을 수 있습니다)"
item-ui-all.json,3db0a89196d8a53a9a0887fe,,자체 검수,레코드 50
item-ui-all.json,4618dbacab0d00d3e594f8f3,,자체 검수,"Shamar - Day
(축음기 또는 오디오로 들을 수 있습니다)"
item-ui-all.json,035920f53004cc7e719a47dc,,자체 검수,레코드 51
item-ui-all.json,5b7e85df026c0f356fbd57a6,,자체 검수,"Shamar - Night
(축음기 또는 오디오로 들을 수 있습니다)"
item-ui-all.json,4411c8df23dcc33b169e0475,,자체 검수,레코드 52
item-ui-all.json,95ef11c11b83d80d7daea830,,자체 검수,"Empire City - Day
(축음기 또는 오디오로 들을 수 있습니다)"
item-ui-all.json,03594150452104bf2fbddcc8,,자체 검수,레코드 53
item-ui-all.json,495f33b568528463449266ce,,자체 검수,"Empire City - Night
(축음기 또는 오디오로 들을 수 있습니다)"
item-ui-all.json,77bcba79a5bc4a237d5a1e22,,자체 검수,레코드 54
item-ui-all.json,6599208decd070c199af0d67,,자체 검수,"Adabat - Day
(축음기 또는 오디오로 들을 수 있습니다)"
item-ui-all.json,f9c07495c0fce8592849340d,,자체 검수,레코드 55
item-ui-all.json,b482f19aa429cc7fd3156dbc,,자체 검수,"Adabat - Night
(축음기 또는 오디오로 들을 수 있습니다)"
item-ui-all.json,dcc502c8d4bdccb27d90aa54,,자체 검수,레코드 56
item-ui-all.json,47fcd8ac10d1c45c52fbeca1,,자체 검수,"Eggmanland Entrance
(축음기 또는 오디오로 들을 수 있습니다)"
item-ui-all.json,389c125701fe87cd9fa49f56,,자체 검수,레코드 57
item-ui-all.json,d7bf9152931a6076edba5899,,자체 검수,"Result Screen
(축음기 또는 오디오로 들을 수 있습니다)"
item-ui-all.json,e2d61ba19fcca66b88a51ad0,,자체 검수,레코드 58
item-ui-all.json,c22317b42367526cffece383,,자체 검수,"Result Screen - E Rank
(축음기 또는 오디오로 들을 수 있습니다)"
item-ui-all.json,8400a078a8cac90594ce93a3,,자체 검수,레코드 59
item-ui-all.json,5e076d7dfef1376bcfbb1c8e,,자체 검수,"Stage Clear
(축음기 또는 오디오로 들을 수 있습니다)"
item-ui-all.json,d727926912bd193d7032725d,,자체 검수,레코드 60
item-ui-all.json,df2c21b048eca0d7da3bc13a,,자체 검수,"Boss Stage Clear
(축음기 또는 오디오로 들을 수 있습니다)"
item-ui-all.json,0896c90ed34f37b83e95ad49,,자체 검수,레코드 61
item-ui-all.json,c5cd03e483dfb6534dc93d08,,자체 검수,"Opening Movie - First Half
(축음기 또는 오디오로 들을 수 있습니다)"
item-ui-all.json,69e75f58208a257a8a3daf7a,,자체 검수,레코드 62
item-ui-all.json,1497d8ba0696722226487c9d,,자체 검수,"Opening Movie - Last Half
(축음기 또는 오디오로 들을 수 있습니다)"
item-ui-all.json,2136904ce6ce85a1f529f587,,자체 검수,비디오테이프 1
item-ui-all.json,20dd67ec4b0f61d7bfd74fd3,,자체 검수,비디오테이프 2
item-ui-all.json,5b49868759be67e361475e3b,,자체 검수,비디오테이프 3
item-ui-all.json,4171fdae195795393ec5ddd5,,자체 검수,비디오테이프 4
item-ui-all.json,02002225bccbedfcbf2e5b96,,자체 검수,비디오테이프 5
item-ui-all.json,62df57942628ad496f390d82,,자체 검수,비디오테이프 6
item-ui-all.json,34d748a3dc339f125b4a277b,,자체 검수,비디오테이프 7
item-ui-all.json,e67e0c97373f5ba59be03dfb,,자체 검수,비디오테이프 8
item-ui-all.json,5d7732a21974d4d50bc4d21a,,자체 검수,비디오테이프 9
item-ui-all.json,a107fbe5ff85a40f23784916,,자체 검수,비디오테이프 10
item-ui-all.json,c85b163630eef554c83facf6,,자체 검수,비디오테이프 11
item-ui-all.json,a435897137d65ab4c0698185,,자체 검수,비디오테이프 12
item-ui-all.json,2f4ba6824ac8de60887b5c97,,자체 검수,비디오테이프 13
item-ui-all.json,b28ad3cddcbb9550ff2a9cdf,,자체 검수,비디오테이프 14
item-ui-all.json,458b8ca6c10c612db72f5260,,자체 검수,비디오테이프 15
item-ui-all.json,7ef1c777a010377591add279,,자체 검수,비디오테이프 16
item-ui-all.json,addc791c0f201ca942aa6482,,자체 검수,비디오테이프 17
item-ui-all.json,7a72a24eabdf31567a31c782,,자체 검수,비디오테이프 18
item-ui-all.json,aa59a1a13268f1d3256a7aa3,,자체 검수,비디오테이프 19
item-ui-all.json,896025e01027427692fc0f87,,자체 검수,비디오테이프 20
item-ui-all.json,193504530150eae1cdbd97ce,,자체 검수,비디오테이프 21
item-ui-all.json,e1538e647eb12349da89dc6f,,자체 검수,비디오테이프 22
item-ui-all.json,f59570eb244abc41cc9c3528,,자체 검수,비디오테이프 23
item-ui-all.json,b942bbd39e82bff4009361dc,,자체 검수,비디오테이프 24
item-ui-all.json,cd11ddb45cf5126ad1e43681,,자체 검수,비디오테이프 25
item-ui-all.json,987c90dbcf0deaf3c4971d13,,자체 검수,비디오테이프 26
item-ui-all.json,3e15e95c5d743e70706b3170,,자체 검수,비디오테이프 27
item-ui-all.json,19cb0b38f24602709c8482d8,,자체 검수,비디오테이프 28
item-ui-all.json,076d72e3bd5cfd494257f8df,,자체 검수,비디오테이프 29
item-ui-all.json,3304a65d8102f023b708b724,,자체 검수,비디오테이프 30
item-ui-all.json,c67fd21fb09034f26ff1b56a,,자체 검수,비디오테이프 31
item-ui-all.json,837fb455d306781124b1d82b,,자체 검수,비디오테이프 32
item-ui-all.json,9dece5985fc14dbaddaf222b,,자체 검수,비디오테이프 33
item-ui-all.json,624ebf09eb65367f489a536b,,자체 검수,비디오테이프 34
item-ui-all.json,1c7734d672197d0cc6e9a87c,,자체 검수,비디오테이프 35
item-ui-all.json,832e121de3ddb45230a77f12,,자체 검수,비디오테이프 36
item-ui-all.json,3c1b90d8c1f0e8682ae1f318,,자체 검수,비디오테이프 37
item-ui-all.json,97903a3b02864d2419937de1,,자체 검수,비디오테이프 38
item-ui-all.json,7a42b6f11edc49d897d60902,,자체 검수,비디오테이프 39
item-ui-all.json,e47ca0a3273215451f5987b3,,자체 검수,비디오테이프 40
item-ui-all.json,07ad892ef25c55052d23462e,,자체 검수,비디오테이프 41
item-ui-all.json,518b2a6284d6c16ca7cb0d87,,자체 검수,비디오테이프 42
item-ui-all.json,95c644a76899bce45c80749c,,자체 검수,비디오테이프 43
item-ui-all.json,4761f50195df148ed69d043d,,자체 검수,비디오테이프 44
item-ui-all.json,513eece745b256261a20ccd7,,자체 검수,비디오테이프 45
item-ui-all.json,beffe5fcca8f747bc7894925,,자체 검수,비디오테이프 46
item-ui-all.json,0b4843c9940cf793a7d9790d,,자체 검수,비디오테이프 47
item-ui-all.json,b256c68a4975a1984397d8e2,,자체 검수,비디오테이프 48
item-ui-all.json,5abbb3d12d60bf1de5177c5a,,자체 검수,비디오테이프 49
item-ui-all.json,eab7ef1c160ba26a1aa43d74,,자체 검수,비디오테이프 50
item-ui-all.json,4b10628a8f7e0900452186e5,,자체 검수,비디오테이프 51
item-ui-all.json,5a22517fa308134c731a9299,,자체 검수,비디오테이프 52
item-ui-all.json,0ee3df249406cd7bcc8be7ef,,자체 검수,비디오테이프 53
item-ui-all.json,29205e1527b8c35f3137acdb,,자체 검수,비디오테이프 54
item-ui-all.json,e6bf7c7d382e1160ba9275ce,,자체 검수,비디오테이프 55
item-ui-all.json,1440e2c6497bf0745220f9b6,,자체 검수,비디오테이프 56
item-ui-all.json,98d8fb2618fb560fd84f09fd,,자체 검수,비디오테이프 57
item-ui-all.json,9275283f834433dfec8ad500,,자체 검수,비디오테이프 58
item-ui-all.json,668204ea1e918a6b4f2625a9,,자체 검수,비디오테이프 59
item-ui-all.json,df163860c70d423b8b24e07e,,자체 검수,"선명한 녹색을 띤 담백한 흰살생선
큰 것은 2미터 정도까지 자란다"
item-ui-all.json,9c1d0f092fe3ae858602ac3e,,자체 검수,설정 자료집 1
item-ui-all.json,803468f434a1cbd11679c404,,자체 검수,설정 자료집 2
item-ui-all.json,063c2e68d0ea867ae1bd12e6,,자체 검수,설정 자료집 10
item-ui-all.json,4f6eb9014318990d1a829aec,,자체 검수,설정 자료집 11
item-ui-all.json,f25aab3bf0488a5bfb7c4352,,자체 검수,설정 자료집 12
item-ui-all.json,90b52576c1e9d1dd0d9f508b,,자체 검수,설정 자료집 13
item-ui-all.json,11309a88163cfdd25c6cb847,,자체 검수,설정 자료집 14
item-ui-all.json,b5d5958160497e7c85c8940a,,자체 검수,설정 자료집 15
item-ui-all.json,b488dc632d4d41838dace39c,,자체 검수,설정 자료집 16
item-ui-all.json,a7612c09442619ee537f7bc5,,자체 검수,설정 자료집 17
item-ui-all.json,99682df12c5a08d64db07a74,,자체 검수,설정 자료집 18
item-ui-all.json,713b958faca2163925072ef2,,자체 검수,설정 자료집 19
item-ui-all.json,07f2a2f0c5c6f1418eb31d16,,자체 검수,설정 자료집 20
item-ui-all.json,a27f86d058ade14b6375c800,,자체 검수,설정 자료집 21
item-ui-all.json,19f68b8438b412b5ca4dc6fb,,자체 검수,설정 자료집 22
item-ui-all.json,b1444bc33d87114d9ca9c626,,자체 검수,설정 자료집 23
item-ui-all.json,98ccb757dcfb55f5cac187bb,,자체 검수,설정 자료집 24
item-ui-all.json,aa8646fd42959be949e0b645,,자체 검수,설정 자료집 25
item-ui-all.json,7651c1e09329855b4d5b3235,,자체 검수,설정 자료집 26
item-ui-all.json,9d885e73d69c85feb9ef55e7,,자체 검수,설정 자료집 27
item-ui-all.json,d363fd7cf11ea47448e82fc7,,자체 검수,설정 자료집 28
item-ui-all.json,91c7c80f5e415a3a53a3a4e0,,자체 검수,설정 자료집 29
item-ui-all.json,05fec4a2a4fff783d3255494,,자체 검수,설정 자료집 31
item-ui-all.json,28215f4bdc9b0f6fcab01169,,자체 검수,설정 자료집 32
item-ui-all.json,bca7a66880e369f1b818219f,,자체 검수,설정 자료집 41
item-ui-all.json,79de8a8fd18f32f24de632c6,,자체 검수,설정 자료집 42
item-ui-all.json,799cab09ee29ce27196dc45e,,자체 검수,설정 자료집 51
item-ui-all.json,7c51c4bd3071b44f3c16a7b9,,자체 검수,설정 자료집 52
item-ui-all.json,72cc23711064275e255f375d,,자체 검수,설정 자료집 61
item-ui-all.json,0554897e18ea43e080b7bd74,,자체 검수,설정 자료집 62
item-ui-all.json,98c3936c576256fb77e6f001,,자체 검수,설정 자료집 71
item-ui-all.json,018c6e3adb96dc4a5af07f70,,자체 검수,레코드 2
item-ui-all.json,dc896ae006afa18e9dde7036,,자체 검수,레코드 10
item-ui-all.json,f6b76c7ff17e34d9c55d2e27,,자체 검수,레코드 11
item-ui-all.json,e1d3685ddc1767ea6094be2f,,자체 검수,레코드 12
item-ui-all.json,5575212b95334a4ee5eb9655,,자체 검수,레코드 13
item-ui-all.json,b9a6220e09e23e69f2df2201,,자체 검수,레코드 14
item-ui-all.json,6e6ef55e04573d1768692394,,자체 검수,레코드 15
item-ui-all.json,82a21d554ae5b95905bc4abf,,자체 검수,레코드 16
item-ui-all.json,4a77f11a42c7cf3e215faf26,,자체 검수,레코드 17
item-ui-all.json,6dccc8c62f1693fbdbf430a6,,자체 검수,레코드 18
item-ui-all.json,de43f97b6a457696b2a80034,,자체 검수,레코드 19
item-ui-all.json,83ce6af0dac00eda1f2ae164,,자체 검수,레코드 20
item-ui-all.json,43c8c10862e1625f6a921fd1,,자체 검수,레코드 21
item-ui-all.json,66b9ada2463f97240e64b4c3,,자체 검수,레코드 22
item-ui-all.json,f8d02f0adf37f6b7fec2f80a,,자체 검수,레코드 23
item-ui-all.json,0923535d787e40261d5179cd,,자체 검수,레코드 24
item-ui-all.json,c9115b362d0c03a03e8d15e6,,자체 검수,레코드 25
item-ui-all.json,4062340c9bede53bc8cb1932,,자체 검수,레코드 26
item-ui-all.json,ae552174a5f1dbabbbb45b46,,자체 검수,레코드 27
item-ui-all.json,b19b1f75f3e2eb97d810e2e3,,자체 검수,레코드 28
item-ui-all.json,e540f4f1db49cd0b281f5d8f,,자체 검수,레코드 29
item-ui-all.json,a23ceb77bb77e11f9b718aae,,자체 검수,레코드 31
item-ui-all.json,1cc18a6da445511b35598be7,,자체 검수,레코드 32
item-ui-all.json,25b61d963922ade47c253c2e,,자체 검수,"Tornado Defense - 1st Battle
(축음기 또는 오디오로 들을 수 있습니다)"
item-ui-all.json,84932923548d134e66e13cf6,,자체 검수,"Tornado Defense - 2nd Battle
(축음기 또는 오디오로 들을 수 있습니다)"
item-ui-all.json,94f84d2436c7c906ac3500d4,,자체 검수,레코드 41
item-ui-all.json,cfed78e106739130f1f31db9,,자체 검수,레코드 42
item-ui-all.json,50737cf6b0f44caf12e4626b,,자체 검수,레코드 51
item-ui-all.json,cde2c558c8351fd1b257be60,,자체 검수,레코드 52
item-ui-all.json,510fba06463eaea73c073763,,자체 검수,레코드 61
item-ui-all.json,32d7d15b823b932caba620dd,,자체 검수,레코드 62
item-ui-all.json,0a20f65563b16b78a484b2ed,,자체 검수,비디오테이프 1
item-ui-all.json,e176665c22d81e15892830fc,,자체 검수,비디오테이프 2
item-ui-all.json,d3f65c9b1f22fade55fe4b8b,,자체 검수,비디오테이프 10
item-ui-all.json,8ec6fd34e21e2f8b9b4bf62a,,자체 검수,비디오테이프 11
item-ui-all.json,f5696e4aba33bf3914a5a3b9,,자체 검수,비디오테이프 12
item-ui-all.json,5d32df1562483f7b8b030fe2,,자체 검수,비디오테이프 13
item-ui-all.json,d114ac1ceece8364cede204f,,자체 검수,비디오테이프 14
item-ui-all.json,fc8479eb4c3cd482f4d04169,,자체 검수,비디오테이프 15
item-ui-all.json,bb4b444d17b91fa9e2c42343,,자체 검수,비디오테이프 16
item-ui-all.json,e93f616ede92c3bc3843327e,,자체 검수,비디오테이프 17
item-ui-all.json,2cc9d0ec34555d1782ffcc4e,,자체 검수,비디오테이프 18
item-ui-all.json,59331feb1d96f2a4b5c9925b,,자체 검수,비디오테이프 19
item-ui-all.json,a8ecf7855b0158975be2d1e6,,자체 검수,비디오테이프 20
item-ui-all.json,bed00d6bec9461f38ccede34,,자체 검수,비디오테이프 21
item-ui-all.json,bff1b709cc7bb7decaf3d621,,자체 검수,비디오테이프 22
item-ui-all.json,1a724790b7075724e23843ea,,자체 검수,비디오테이프 23
item-ui-all.json,6726983323f3a9c173e4b70c,,자체 검수,비디오테이프 24
item-ui-all.json,cfafb743e5a0a094ed101665,,자체 검수,비디오테이프 25
item-ui-all.json,e28d036358ddb08e34820e54,,자체 검수,비디오테이프 26
item-ui-all.json,681b192fb42ad0981874ae34,,자체 검수,비디오테이프 27
item-ui-all.json,d101611295503cc6067bac57,,자체 검수,비디오테이프 28
item-ui-all.json,5c13c589ac5a663adfb5b6b1,,자체 검수,비디오테이프 29
item-ui-all.json,2b7ed852d088f2984a31beac,,자체 검수,비디오테이프 31
item-ui-all.json,2c4a0bfd00f489a223efda02,,자체 검수,비디오테이프 32
item-ui-all.json,af61c2c98b8407789b619a1c,,자체 검수,비디오테이프 41
item-ui-all.json,05c9fefce24b06a7e9ff4fd6,,자체 검수,비디오테이프 42
item-ui-all.json,484a15c60cbe6580d022f468,,자체 검수,비디오테이프 51
item-ui-all.json,5277fbb24ed6de7bfe998abd,,자체 검수,비디오테이프 52
item-ui-all.json,1a15f71a782fd7aaf0ad2052,,자체 검수,설정 자료집 12
item-ui-all.json,3e235cb38deea593bc023b6b,,자체 검수,설정 자료집 21
item-ui-all.json,9a6912bcc54fbf2b47302954,,자체 검수,레코드 12
item-ui-all.json,dd810c3a09f600114e91c338,,자체 검수,레코드 21
item-ui-all.json,65fb1241023d195aa40c3df3,,자체 검수,비디오테이프 12
item-ui-all.json,e8b20c521dc10e1eba12da9f,,자체 검수,비디오테이프 21
item-ui-all.json,9888fda8b5dacd927412cf94,,자체 검수,"5년 정도 푹 숙성한 치즈
데우면 알맞게 녹아 맛있다"
item-ui-all.json,4e13183538b658b5ea20eb5f,,자체 검수,"vs. Titan & Big Mother
(축음기 또는 오디오로 들을 수 있습니다)"
item-ui-all.json,ecbdaaf6e3ba4246880a1fd0,,자체 검수,"Jungle Joyride - Night
(축음기 또는 오디오로 들을 수 있습니다)"
item-ui-all.json,8e29a855ab92a1da076ff606,,자체 검수,"Intro: Jungle Joyride - Night
(축음기 또는 오디오로 들을 수 있습니다)"
media-room-ending-ui-all.json,81f7cc5a299ecd971a53d4f0,,확정 검수 · 제작용 원문,comment
media-room-ending-ui-all.json,7e75f39fc8a10fc57c34bd0e,,자체 검수,"이 지역에서는 옛날부터 썰매로
이동했다고 합니다 진짜 썰매는
아주 튼튼해서 100명이 타도
끄떡없다더군요"
media-room-ending-ui-all.json,27e0e2a0666c5f0c59749a35,,자체 검수,"친절하고 정중한 말투로 손님을
맞는 '파도 사이의 갈매기'
주인. 가게를 시작한 지 30년
동안 별다른 변화 없이 평온하게
살아왔다. 교회 앞에서 느긋하게
바닷바람을 맞으며 바다를
바라보는 시간이 가장 행복하다."
media-room-ending-ui-all.json,7880e57a8ff9f1bf95566420,,자체 검수,"아나스타시아의 남편인 느긋하고
마이페이스인 80세 노인. 자신이
아나스타시아를 가장 잘 이해한다고
생각해 말을 제대로 못 하는
그녀를 통역하지만, 진실은
과연……?"
media-room-ending-ui-all.json,5b336ca7a9aa8c9e0f393d6d,,자체 검수,"학생 식당의 셰프.
그의 가게는 스파고니아에서도
역사가 오래된 식당이며 그는
3대째 주인이다. 날마다
열정적으로 새 메뉴를 만들고
바르바라에게 맛을 보게 한다."
media-room-ending-ui-all.json,e7dbedecd01e2a23fb31e08a,,자체 검수,"솜씨 좋은 구두 장인이자
나탈리아의 남편. 20년 동안
신발 하나만을 철저히 고집해
왔다. 최근 빨리 달릴 수 있다는
신기한 신발 소문을 듣고 꼭 한번
보고 싶어 한다."
media-room-ending-ui-all.json,e34fc931442502a3693cde25,,자체 검수,"90년 동안 고기만두를 만들어
왔다. 최근 외동딸에게 만드는
법을 전수하고 은퇴했다.
오랫동안 손님을 상대해 온
덕분에 한번 보기만 해도
상대의 됨됨이를 알아본다."
media-room-ending-ui-all.json,35f3ac6153f3058eefec6f02,,자체 검수,"아이 여덟을 둔 씩씩한 어머니.
열 식구의 식사를 30분 만에
만드는 요리의 달인이다. 사실은
아이를 더 원했지만 이미 세상을
떠난 남편이 '제발 그만'이라고
했다는 이야기가 있다."
media-room-ending-ui-all.json,ec8f3dffb2d2001b7066c7f5,,자체 검수,"야리수레의 아내. 예전에는 이
지방에서 첫손에 꼽히는 미인으로
유명했다. 남편에게 엄격해
보이지만 제대로 남편을 생각한다.
얼마 전에도 '매일 춥네'라고
한 남편을 위해 목욕물
온도를 60도로 맞춰 주었다."
media-room-ending-ui-all.json,85e29faf43746f9394d1ceda,,자체 검수,"한때 길이 2미터 이상인
물고기를 혼자 낚아 올렸을
만큼 솜씨 좋은 어부.
늘 붙임성 좋은 사람이지만 딸
이야기가 나오면 성격이 달라진다."
media-room-ending-ui-all.json,1367c3a25762969c132858d6,,자체 검수,"자칭 '연애 전문가'. 연애
경험은 별만큼 많다고 하며 어려운
사랑의 ABC를 가르쳐 준다.
부탁하면 실전으로도 알려 준다.
물론 상대는 루이 몽탕이다."
media-room-ending-ui-all.json,c9773812b9f0895802e1be46,,자체 검수,"1분에 수십억의 돈을
움직이는 뛰어난 사업가.
사람에게 주어진 시간은 한정되어
있으므로 그 전부를 자신에게
투자하는 것이 옳다고 생각한다.
'보스'는 업무상 이름이며
본명은 공개하지 않았다."
media-room-ending-ui-all.json,d3a83b29f8c96cdf09247d8f,,자체 검수,"오랫동안 이곳에서 교사로 일해
'리즈'라는 애칭으로 사랑받는
여성. 아이들의 웃는 얼굴을
좋아하고 누구든 챙기려 드는
것은 교사이기 때문일까? 지금껏
가르친 학생은 2천 명이 넘는다."
media-room-ending-ui-all.json,3fb0f5494d0a9740535b9ff3,,자체 검수,EF-DC1998
media-room-ending-ui-all.json,108c6c37b507a70f03894296,,자체 검수,EF-MD1991
media-room-ending-ui-all.json,b5b458595011205a7ef095fa,,자체 검수,"고참 에그맨 파이터이자
에그맨 랜드의 매점 직원.
성실하고 에그맨을 향한
충성심도 높지만 AI가
낡아 가끔 말이 어눌해진다."
media-room-ending-ui-all.json,c80c998ad4534cc4568b0d1d,,자체 검수,EF-XB2006
media-room-ending-ui-all.json,2919a6d0996f713f493c6a6b,,자체 검수,"에그 파이터의 손이 분리되어
이족 보행 로봇이 된 모습.
독립적인 AI를 탑재해 본체가
파괴되어도 혼자 움직이며
소닉에게 덤빈다. 가끔
본체와 싸우기도 한다고 한다."
media-room-ending-ui-all.json,a793fcf44df090e2a7b25b71,,자체 검수,"이 별을 파괴하기 위해서만
존재하는 어둠의 화신. 오랜
시간 대지의 사기를 흡수하며
성장해 별의 핵 속에서 각성의
때를 기다린다. (가이아
문서 제4장 11절에서 인용)"
media-room-ending-ui-all.json,635ae3395042dd3b484cd519,,자체 검수,"다크 가이아가 완전히 깨어나
어둠의 팔로 대지를 감쌀 때 이
별에 종말이 찾아온다. 파괴되어
멸망한 별은 언젠가 올 치유의
때를 기다리며 어둠 속에서 아주
긴 잠에 들 것이다. (가이아
문서 제4장 28절에서 인용)"
media-room-ending-ui-all.json,40cea51b3df733e6f108d04a,,자체 검수,어둠에 휩싸인 세계 Act 2
media-room-ending-ui-all.json,8bc4eec1b9601e816756c928,,자체 검수,어둠에 휩싸인 세계 Act 3
media-room-ending-ui-all.json,d397a92f54056813830a7162,,자체 검수,어둠에 휩싸인 세계 Act 4
media-room-ending-ui-all.json,2b6cd1305d0d8067f4e0c0c9,,자체 검수,어둠에 휩싸인 세계 Act 5
media-room-ending-ui-all.json,0c33ee0cdac4e844b9d2c321,,자체 검수,되찾은 빛 Act 2
media-room-ending-ui-all.json,20a4f572a612af38ab481be9,,자체 검수,되찾은 빛 Act 3
media-room-ending-ui-all.json,71255c4df4c2cc69025b5703,,자체 검수,되찾은 빛 Act 4
media-room-ending-ui-all.json,2158d31bfc100fce01c16361,,자체 검수,되찾은 빛 Act 5
media-room-ending-ui-all.json,f386a8b4cdf30e1bf171ee4e,,자체 검수,The World Adventure
media-room-ending-ui-all.json,2998fec4ce6cdff0d37b70a0,,자체 검수,Endless Possibility
media-room-ending-ui-all.json,73f3ee400d49c71b73bc5fef,,자체 검수,Dear My Friend
media-room-ending-ui-all.json,ab43af069f6f640142e3d30b,,자체 검수,Opening Movie - First Half
media-room-ending-ui-all.json,e17f53a50674bb90b4a4545b,,자체 검수,Opening Movie - Last Half
media-room-ending-ui-all.json,ac22b6f3221d90d2b8dd3043,,자체 검수,Windmill Isle Suburbs - Day
media-room-ending-ui-all.json,cd78903653ed1e01041e5087,,자체 검수,Windmill Isle - Day
media-room-ending-ui-all.json,26f4c8aef70a1a539f36d0d7,,자체 검수,Savannah Citadel - Day
media-room-ending-ui-all.json,6d413ecba10b366e708f90bf,,자체 검수,Cool Edge - Day
media-room-ending-ui-all.json,9fc1ae3e8062ebf68693c83d,,자체 검수,Rooftop Run - Day
media-room-ending-ui-all.json,3b1a8a440319467b4f779f60,,자체 검수,Dragon Road - Day
media-room-ending-ui-all.json,77c897eae891ddcbb2a7b4d4,,자체 검수,Arid Sands - Day
media-room-ending-ui-all.json,40752812d58aee5c1d2fb12a,,자체 검수,Skyscraper Scamper - Day
media-room-ending-ui-all.json,9dc4d966f77f2968b1f632c8,,자체 검수,Jungle Joyride - Day
media-room-ending-ui-all.json,26f2808445ca680a25553443,,자체 검수,Eggmanland - Day
media-room-ending-ui-all.json,5ed26c57216e6486ba3ef428,,자체 검수,Werehog Battle Theme
media-room-ending-ui-all.json,f7ea4f091c3238849a4771f9,,자체 검수,vs. Titan & Big Mother
media-room-ending-ui-all.json,8d20322a5aaf5cb2e07b65e2,,자체 검수,Intro: Windmill Isle - Night
media-room-ending-ui-all.json,66de1fcd7ba375f87ad0e264,,자체 검수,Windmill Isle - Night
media-room-ending-ui-all.json,46959cd3e7f5fdcb40da6020,,자체 검수,Intro: Savannah Citadel - Night
media-room-ending-ui-all.json,109d9d4a64eca074f21640ae,,자체 검수,Savannah Citadel - Night
media-room-ending-ui-all.json,673c7176fafacb64275056c2,,자체 검수,Intro: Cool Edge - Night
media-room-ending-ui-all.json,7867eb39f2d3c9b6f1274a1a,,자체 검수,Cool Edge - Night
media-room-ending-ui-all.json,9b268679dcd0be0c2dd83351,,자체 검수,Intro: Rooftop Run - Night
media-room-ending-ui-all.json,f838469939c89dfa2393c922,,자체 검수,Rooftop Run - Night
media-room-ending-ui-all.json,26ada613f023ef501d0f262b,,자체 검수,Intro: Dragon Road - Night
media-room-ending-ui-all.json,552853b0564f30187af0ea46,,자체 검수,Dragon Road - Night
media-room-ending-ui-all.json,8a104b0e8042bb0e1d455709,,자체 검수,Intro: Arid Sands - Night
media-room-ending-ui-all.json,572184cf17df60474627969a,,자체 검수,Arid Sands - Night
media-room-ending-ui-all.json,fb058643c2d9049abb6891e4,,자체 검수,Intro: Skyscraper Scamper - Night
media-room-ending-ui-all.json,9a1afd8f4a235111dbd97716,,자체 검수,Skyscraper Scamper - Night
media-room-ending-ui-all.json,4ff470c28e9a35fe28cbf408,,자체 검수,Intro: Jungle Joyride - Night
media-room-ending-ui-all.json,5054ede993ac61a0929c6920,,자체 검수,Jungle Joyride - Night
media-room-ending-ui-all.json,a074c3bffe63cd46cb602ef5,,자체 검수,Eggmanland - Night
media-room-ending-ui-all.json,add6532d4a634fc2e5c58a5b,,자체 검수,Boss Battle - Day
media-room-ending-ui-all.json,29d50f92b43cfbe68e36185b,,자체 검수,Boss Battle - Night
media-room-ending-ui-all.json,bf1341f731f45375d229e9a0,,자체 검수,vs. Egg Dragoon
media-room-ending-ui-all.json,368eb9a99ad2bdc9de3f8615,,자체 검수,vs. Dark Gaia
media-room-ending-ui-all.json,21975ba07e7f774184fecd3d,,자체 검수,Super Sonic vs. Perfect Dark Gaia
media-room-ending-ui-all.json,d955bfa64c50319402f0592c,,자체 검수,Tornado Defense - 1st Battle
media-room-ending-ui-all.json,0acb27fee240b92bac7df156,,자체 검수,Tornado Defense - 2nd Battle
media-room-ending-ui-all.json,efb90d0a4c1866d4e0223077,,자체 검수,Apotos - Day
media-room-ending-ui-all.json,297f96d5040684e3fff50e63,,자체 검수,Apotos - Night
media-room-ending-ui-all.json,c4a253090dc39e11551d96b1,,자체 검수,Mazuri - Day
media-room-ending-ui-all.json,a61395ad6b50e62742748dbc,,자체 검수,Mazuri - Night
media-room-ending-ui-all.json,d8e7063752eeb5bc87bc0d86,,자체 검수,Holoska - Day
media-room-ending-ui-all.json,4771f9c346e096dabd10f5e8,,자체 검수,Holoska - Night
media-room-ending-ui-all.json,f9d50165bca8989398436870,,자체 검수,Spagonia - Day
media-room-ending-ui-all.json,53722f79913ef9d6f86ff304,,자체 검수,Spagonia - Night
media-room-ending-ui-all.json,dc8c3e309ae3ba86eaed2bfa,,자체 검수,Chun-nan - Day
media-room-ending-ui-all.json,0aba65a47885f09254cf7f8a,,자체 검수,Chun-nan - Night
media-room-ending-ui-all.json,3e9a4b1dcb4b8c46e6e6d28c,,자체 검수,Shamar - Day
media-room-ending-ui-all.json,ec0e94b6dec9e2295abd93fc,,자체 검수,Shamar - Night
media-room-ending-ui-all.json,b46a0b620ba3d226cf40e2fe,,자체 검수,Empire City - Day
media-room-ending-ui-all.json,ba1c3391e1da38e5aff76f6b,,자체 검수,Empire City - Night
media-room-ending-ui-all.json,ef99607be296c9bca37f2a31,,자체 검수,Adabat - Day
media-room-ending-ui-all.json,1aaa40e9ae511eefddc5d8c5,,자체 검수,Adabat - Night
media-room-ending-ui-all.json,8c0890cf2575ae24be7cb3ec,,자체 검수,Eggmanland Entrance
media-room-ending-ui-all.json,1089d6f61a15770ea3074810,,자체 검수,Stage Clear
media-room-ending-ui-all.json,fe575a16194735acc5389808,,자체 검수,Boss Stage Clear
media-room-ending-ui-all.json,ffc140495310aaa8e810382c,,자체 검수,Result Screen
media-room-ending-ui-all.json,ae7c16b2735b23ac51bc73d4,,자체 검수,Result Screen - E Rank
media-room-ending-ui-all.json,c5e92d8d61c29c760a505955,,자체 검수,설정 자료집 1
media-room-ending-ui-all.json,dd196b0a597f815f49b99255,,자체 검수,설정 자료집 2
media-room-ending-ui-all.json,3e75035fa016ae062f8a58a9,,자체 검수,설정 자료집 3
media-room-ending-ui-all.json,e1b66904bb35d310f5918e1b,,자체 검수,설정 자료집 4
media-room-ending-ui-all.json,bd475d699c10742f20e41bbe,,자체 검수,설정 자료집 5
media-room-ending-ui-all.json,2a059f80d2f4f32eed76fb15,,자체 검수,설정 자료집 6
media-room-ending-ui-all.json,4dd057c7e176db874d40f9ee,,자체 검수,설정 자료집 7
media-room-ending-ui-all.json,ad8c7659f7611a709f28d20f,,자체 검수,설정 자료집 8
media-room-ending-ui-all.json,4188cb2b58d405de69427f2c,,자체 검수,설정 자료집 9
media-room-ending-ui-all.json,fdf852228431ebfb05cf9ce5,,자체 검수,설정 자료집 10
media-room-ending-ui-all.json,1d284e2a3c94e8701b38a57d,,자체 검수,설정 자료집 11
media-room-ending-ui-all.json,4fc08298db18d2f9e50c4d20,,자체 검수,설정 자료집 12
media-room-ending-ui-all.json,d41aecb00a279a43140d982c,,자체 검수,설정 자료집 13
media-room-ending-ui-all.json,f16df732f88d99c5280de682,,자체 검수,설정 자료집 14
media-room-ending-ui-all.json,0fd4df753a1fd9a583fbd52c,,자체 검수,설정 자료집 15
media-room-ending-ui-all.json,d5a23327237aabea516bbbf3,,자체 검수,설정 자료집 16
media-room-ending-ui-all.json,250ddd9ea38e33008e2fa209,,자체 검수,설정 자료집 17
media-room-ending-ui-all.json,2b1caaeea180a26ba1f73804,,자체 검수,설정 자료집 18
media-room-ending-ui-all.json,5025939bddcbd874bd435950,,자체 검수,설정 자료집 19
media-room-ending-ui-all.json,3126243eee790ef771a6a8b6,,자체 검수,설정 자료집 20
media-room-ending-ui-all.json,d250f4118ee4af518986297b,,자체 검수,설정 자료집 21
media-room-ending-ui-all.json,a08a4bf7f32e412858596a27,,자체 검수,설정 자료집 22
media-room-ending-ui-all.json,b85657ae2e8fe62e6468c7ae,,자체 검수,설정 자료집 23
media-room-ending-ui-all.json,e5a280916f9faec9fe0a2207,,자체 검수,설정 자료집 24
media-room-ending-ui-all.json,4c0a48b90a0ef073d91d8f91,,자체 검수,설정 자료집 25
media-room-ending-ui-all.json,fe04aa431e1ff588e126551a,,자체 검수,설정 자료집 26
media-room-ending-ui-all.json,28c16431cf3dd03c68f9cd8b,,자체 검수,설정 자료집 27
media-room-ending-ui-all.json,4ff91556f21f0b23098af188,,자체 검수,설정 자료집 28
media-room-ending-ui-all.json,65f87a3b6fa3d0bb6dfc6047,,자체 검수,설정 자료집 29
media-room-ending-ui-all.json,37140c56b83f4caebea5dacc,,자체 검수,설정 자료집 30
media-room-ending-ui-all.json,f05b7304c5c219fcd681eb1a,,자체 검수,설정 자료집 31
media-room-ending-ui-all.json,6e8a955fa5b52a495e1e4742,,자체 검수,설정 자료집 32
media-room-ending-ui-all.json,007b9d722fdd9f2ce57a72fa,,자체 검수,설정 자료집 33
media-room-ending-ui-all.json,793b73dc27e6dbf341d513ea,,자체 검수,설정 자료집 34
media-room-ending-ui-all.json,fa81081d6cfbaa01cd433084,,자체 검수,설정 자료집 35
media-room-ending-ui-all.json,610e3389ebe1b68f383ea1bc,,자체 검수,설정 자료집 36
media-room-ending-ui-all.json,010d509dd96c7d31bb819e0f,,자체 검수,설정 자료집 37
media-room-ending-ui-all.json,5348c8be99000d49b4637074,,자체 검수,설정 자료집 38
media-room-ending-ui-all.json,82c33ece1aab0cc5566cb938,,자체 검수,설정 자료집 39
media-room-ending-ui-all.json,5d90ff90206950fe84d8f4c1,,자체 검수,설정 자료집 40
media-room-ending-ui-all.json,b447720ee163fbfcb22e06ae,,자체 검수,설정 자료집 41
media-room-ending-ui-all.json,70d94df3de400d573e13b086,,자체 검수,설정 자료집 42
media-room-ending-ui-all.json,7d1edb97c3e94c44ad0d2000,,자체 검수,설정 자료집 43
media-room-ending-ui-all.json,de74143fc42816a3cb8dcd80,,자체 검수,설정 자료집 44
media-room-ending-ui-all.json,e3f5ef23104bbf07d37272de,,자체 검수,설정 자료집 45
media-room-ending-ui-all.json,cb81cf663e42fbe0530136df,,자체 검수,설정 자료집 46
media-room-ending-ui-all.json,b03809ad97af199e1c1cc617,,자체 검수,설정 자료집 47
media-room-ending-ui-all.json,57132a30716b1d0165f73e0c,,자체 검수,설정 자료집 48
media-room-ending-ui-all.json,13d113c7792e2c683b373a35,,자체 검수,설정 자료집 49
media-room-ending-ui-all.json,ff945f4f2ff9eaca6f07951e,,자체 검수,설정 자료집 50
media-room-ending-ui-all.json,dbafdb807ed295b8bb1a9590,,자체 검수,설정 자료집 51
media-room-ending-ui-all.json,928694feca5c5927a720eda0,,자체 검수,설정 자료집 52
media-room-ending-ui-all.json,9cff0e8486a4534a6e71f530,,자체 검수,설정 자료집 53
media-room-ending-ui-all.json,8c0ed042093d657113b6f4f9,,자체 검수,설정 자료집 54
media-room-ending-ui-all.json,4069f1e0c7617684a58eb7af,,자체 검수,설정 자료집 55
media-room-ending-ui-all.json,02ed60a5e9239ba15ec6496a,,자체 검수,설정 자료집 56
media-room-ending-ui-all.json,be1c90fd5b2bb5e67eac6980,,자체 검수,설정 자료집 57
media-room-ending-ui-all.json,c05df1b1fa89a67dff666b8f,,자체 검수,설정 자료집 58
media-room-ending-ui-all.json,2490b5fe8b24dbac7368bfdc,,자체 검수,설정 자료집 59
media-room-ending-ui-all.json,d284627c490f3a28479c7807,,자체 검수,설정 자료집 60
media-room-ending-ui-all.json,1f56c6df4cd507004a0493a5,,자체 검수,설정 자료집 61
media-room-ending-ui-all.json,32d601c2eb42cae7827fe146,,자체 검수,설정 자료집 62
media-room-ending-ui-all.json,5e73a370216a17a78f6e222c,,자체 검수,설정 자료집 63
media-room-ending-ui-all.json,ad15ddb560e1ad55ca5cf561,,자체 검수,설정 자료집 64
media-room-ending-ui-all.json,a45c6ef81b3c5e4f1ab1511d,,자체 검수,설정 자료집 65
media-room-ending-ui-all.json,11a5aba9bc926efcdb1d8499,,자체 검수,설정 자료집 66
media-room-ending-ui-all.json,0ac50d0efa48943a4a73ac0c,,자체 검수,설정 자료집 67
media-room-ending-ui-all.json,cf6a4985ff77f921d2285dbd,,자체 검수,설정 자료집 68
media-room-ending-ui-all.json,41433e11adbd6601d6232186,,자체 검수,설정 자료집 69
media-room-ending-ui-all.json,1bc6c367ff53fcf7053b0e4c,,자체 검수,설정 자료집 70
media-room-ending-ui-all.json,67f34e68456078d322aee544,,자체 검수,설정 자료집 71
media-room-ending-ui-all.json,41cf08751c2a9243b5907eaf,,자체 검수,"아나스타시아의 남편인 느긋하고
마이페이스인 80세 노인.
자신이 아나스타시아를 가장 잘
이해한다고 생각해 말을 제대로
못 하는 그녀를 통역하지만,
어쩐지 착각하는 것 같은데……?"
media-room-ending-ui-all.json,0c1db542da8a776f80c3ae05,,자체 검수,"오랫동안 이곳에서 교사로 일해
'리즈'라는 애칭으로 사랑받는
여성. 아이들의 웃는 얼굴을
좋아하고 누구든 챙기려 드는
것은 교사이기 때문일까? 지금껏
가르친 학생은 2천 명이 넘는다."
media-room-ending-ui-all.json,4eab7209021607bc19d1a2f6,,자체 검수,"고참 에그 파이터이자
에그맨 랜드의 매점 직원.
성실하고 에그맨을 향한
충성심도 높지만 AI가
낡아 가끔 말이 어눌해진다."
media-room-ending-ui-all.json,62d9fc1f7b42e760e87c3111,,자체 검수,"이 별을 파괴하기 위해서만
존재하는 어둠의 화신. 오랜
시간 대지의 사기를 흡수하며
성장해 별의 핵 속에서 각성의
때를 기다린다. (가이아
문서 제4장 11절에서 인용)"
media-room-ending-ui-all.json,1723308cf60f2cb856a4bfff,,자체 검수,"다크 가이아가 완전히 깨어나
어둠의 팔로 대지를 감쌀 때 이
별에 종말이 찾아온다. 파괴되어
멸망한 별은 언젠가 올 치유의
때를 기다리며 어둠 속에서 아주
긴 잠에 들 것이다. (가이아
문서 제4장 28절에서 인용)"
media-room-ending-ui-all.json,1b47162ef746412b7655a2df,,자체 검수,Intro: Jungle Joyride - Night
media-room-ending-ui-all.json,21a99d0f880c9a3e96cd452c,,자체 검수,Tornado Defense - 1st Battle
media-room-ending-ui-all.json,1c0ac0c772204e6bce47017d,,자체 검수,Tornado Defense - 2nd Battle
media-room-ending-ui-all.json,5b4b29de391448bc2bcc8ba9,,자체 검수,"야리수레의 아내. 예전에는 이
지방에서 첫손에 꼽히는 미인으로
유명했다. 남편에게 엄격해
보이지만 제대로 남편을 생각한다.
얼마 전에도 '매일 춥네'라고
한 남편을 위해 목욕물
온도를 60도로 맞춰 주었다."
media-room-ending-ui-all.json,5bd06b7fdaebda3fc503ef7e,,자체 검수,"한때 길이 2미터 이상인
물고기를 혼자 낚아 올렸을
만큼 솜씨 좋은 어부.
늘 붙임성 좋은 사람이지만 딸
이야기가 나오면 성격이 달라진다."
media-room-ending-ui-all.json,5ecbef5c47923dac5f815bbd,,자체 검수,Tornado Defense - 2nd Battle
media-room-ending-ui-all.json,4fc97591e51f36ad00fccd2a,,자체 검수,설정 자료집 2
media-room-ending-ui-all.json,da90f316ef94acb54f8d52ba,,자체 검수,설정 자료집 12
media-room-ending-ui-all.json,12d0dfd03c1ffe8e55a5a3ee,,자체 검수,설정 자료집 20
media-room-ending-ui-all.json,fdb98700291d38b806b176fd,,자체 검수,설정 자료집 21
media-room-ending-ui-all.json,340e326db71c165f17a0eb06,,자체 검수,설정 자료집 22
media-room-ending-ui-all.json,16139bd07020808910061787,,자체 검수,설정 자료집 23
media-room-ending-ui-all.json,bf068ea1321871d433c0baab,,자체 검수,설정 자료집 24
media-room-ending-ui-all.json,4510177a72d37c19b9478a62,,자체 검수,설정 자료집 25
media-room-ending-ui-all.json,75019f9441fe053e86b68375,,자체 검수,설정 자료집 26
media-room-ending-ui-all.json,1fdbd049bae618b73d1cded9,,자체 검수,설정 자료집 27
media-room-ending-ui-all.json,af3698590616754e87d752b5,,자체 검수,설정 자료집 28
media-room-ending-ui-all.json,ed0412a10751b77681c992fc,,자체 검수,설정 자료집 29
media-room-ending-ui-all.json,3e24c1210a2099b65baa818e,,자체 검수,설정 자료집 32
media-room-ending-ui-all.json,24ed9af201e8d013881c21b7,,자체 검수,설정 자료집 42
media-room-ending-ui-all.json,7de1c99145c748113302e031,,자체 검수,설정 자료집 52
media-room-ending-ui-all.json,d296fcda2a70998da7f411f6,,자체 검수,설정 자료집 62
media-room-ending-ui-all.json,02b21bc37dd8df6182b717e1,,자체 검수,Tornado Defense - 2nd Battle
skill-ui-all.json,56810ce41f7297b7cb23905b,,자체 검수,1·2 어퍼 콤보
skill-ui-all.json,5850cc90178d02e465b6abf3,,자체 검수,"ATTACK이
레벨 업했다!"
skill-ui-all.json,803342d593ef5fbd2801ceb2,,자체 검수,"LIFE가
레벨 업했다!"
skill-ui-all.json,a183749e16c2f71f1d16d89f,,자체 검수,"UNLEASH가
레벨 업했다!"
skill-ui-all.json,0715d16efb9972557c091ade,,자체 검수,"SHIELD가
레벨 업했다!"
skill-ui-all.json,16f87c4c47f2a88e379f11cf,,자체 검수,"SPEED가
레벨 업했다!"
skill-ui-all.json,2be42d640605773304032572,,자체 검수,"RING ENERGY가
레벨 업했다!"
skill-ui-all.json,46eb0ee23c7d63a866502bf6,,자체 검수,1·2 어퍼 콤보
skill-ui-all.json,4482b57359d0a2e81257db31,,자체 검수,1·2 어퍼 콤보
skill-ui-all.json,389a5a9459f60864aa5dbebe,,자체 검수,"ATTACK이
레벨 업했다!"
skill-ui-all.json,54cd1a1da9f0e562425463df,,자체 검수,"LIFE가
레벨 업했다!"
skill-ui-all.json,a0edbbc123fade23620c3e45,,자체 검수,"UNLEASH가
레벨 업했다!"
skill-ui-all.json,e74c5de7ac5d304fad1a5779,,자체 검수,"SHIELD가
레벨 업했다!"
skill-ui-all.json,469719e533d69fdfc2f63538,,자체 검수,"SPEED가
레벨 업했다!"
skill-ui-all.json,1839d52464a59d90634896d3,,자체 검수,"RING ENERGY가
레벨 업했다!"
stage-ui-all.json,cdd6d79bcb7f478bf932355a,,자체 검수,Act 1
stage-ui-all.json,074c57066600c04333fae277,,자체 검수,Act 2
stage-ui-all.json,fc323e59ab8aa82f032b8e86,,자체 검수,Act 3
stage-ui-all.json,0fece8735f40babe347d1763,,자체 검수,"코스를 1바퀴
돌아라!"
stage-ui-all.json,1a72ec12a0a98c7c064dc011,,자체 검수,"코스를 1바퀴
돌아라!"
stage-ui-all.json,75ac38995a572e31a25956b0,,자체 검수,Act 4
stage-ui-all.json,5730eec6bdb3f835af96e1f7,,자체 검수,Act 5
stage-ui-all.json,5e017c4636ac3db3a9126b11,,자체 검수,"코스를 3바퀴
돌아라!"
stage-ui-all.json,0069e5e8785bbbc59f85ad63,,자체 검수,"코스를 3바퀴
돌아라!"
stage-ui-all.json,b686f32b83e4449db21524ad,,자체 검수,토네이도 디펜스 Act 1
stage-ui-all.json,02dee305a38f9a3ca6b77ef0,,자체 검수,토네이도 디펜스 Act 2
stage-ui-all.json,ee43b3c93160b9b991ae53d2,,확정 검수 · 목표값 원문 보존,"00:00 안에
골인하라!"
stage-ui-all.json,9b93b24bc292e98f09e7d23b,,확정 검수 · 목표값 원문 보존,"00000점 이상
획득하고 골인하라!"
stage-ui-all.json,c2d5b70fce080f59cb5fb870,,확정 검수 · 목표값 원문 보존,"적을 00마리 이상
쓰러뜨리고 골인하라!"
stage-ui-all.json,e1c509265107294e9a469fa5,,확정 검수 · 목표값 원문 보존,"링을 000개 이상
모으고 골인하라!"
stage-ui-all.json,61227e12735ca066a007aef5,,확정 검수 · 목표값 원문 보존,"링을 000개
모아라!"
stage-ui-all.json,5b012658fa57c394a86bd196,,확정 검수 · 목표값 원문 보존,"피해를 받지 않고
00:00 안에
골인하라!"
stage-ui-all.json,598f679a2cb335989fb217a4,,자체 검수,"피해 횟수 0회
이하로 골인하라!"
stage-ui-all.json,1081658dc7a5ac0dab0c7a9e,,확정 검수 · 목표값 원문 보존,"제한 시간 안에 적을
000마리
쓰러뜨려라!"
stage-ui-all.json,395f973840fb7ffdb9e6b346,,확정 검수 · 목표값 원문 보존,"00:00 안에 통을
〇개 이상 부숴라!"
stage-ui-all.json,fd4299a8a10ed0ad971e6b4b,,확정 검수 · 목표값 원문 보존,"00:00 안에 통을
〇개 이상 부숴라!"
stage-ui-all.json,35937420b174f9ffda411368,,확정 검수 · 목표값 원문 보존,"00:00 안에
알렉시스 소년을
찾아라!"
stage-ui-all.json,ad7540cf8bcc041b8c014a0e,,확정 검수 · 목표값 원문 보존,"00:00 안에
알렉시스를 찾아라!"
stage-ui-all.json,3ec7b2187768a1f9efe74835,,자체 검수,"90초 안에 신부님의
안경을 손에 넣어라!"
stage-ui-all.json,fe63ea26ba765fd764618483,,자체 검수,"90초 안에 안경을
입수하라!"
stage-ui-all.json,234aff24c4e41d21ac76013c,,자체 검수,"60초 안에
우두머리를
쓰러뜨려라!"
stage-ui-all.json,503e022104aa3d191320d891,,자체 검수,"60초 안에
우두머리를
쓰러뜨려라!"
stage-ui-all.json,c1c8e6ad1109b07f83704210,,자체 검수,"2:00 안에 수줍은
소녀를 찾아내라!"
stage-ui-all.json,5eb9194664fb3339e69e0488,,자체 검수,"2:00 안에 소녀를
찾아라!"
stage-ui-all.json,9c93437b5be89e8a10bec19e,,자체 검수,"120초 안에 수줍은
소녀를 찾아내라!"
stage-ui-all.json,e0781a60ed27edd7b6147082,,자체 검수,"120초 안에 소녀를
찾아라!"
stage-ui-all.json,e232717fdd53d091da2b5609,,자체 검수,"오렌지를 10개
획득하라!"
stage-ui-all.json,a8890c758df579f405cc9c0e,,자체 검수,"오렌지를 10개
획득하라!"
stage-ui-all.json,f06e9e521170af0953276414,,자체 검수,"링을 100개 이상
모으고 골인하라!"
stage-ui-all.json,acddd1e1042f6b7933f127d9,,자체 검수,"링을 100개 이상
모으고 골인하라!"
stage-ui-all.json,78f39fa72c5c8a446ef1b81f,,자체 검수,"사랑의 육포를 찾아내
결혼 50주년
기념일을 성공시키자"
stage-ui-all.json,929401a91643240659b3f902,,자체 검수,"몰려오는 적을
20마리 쓰러뜨려라!"
stage-ui-all.json,dc8621781000e3c935019df4,,자체 검수,"적을 20마리
쓰러뜨려라!"
stage-ui-all.json,b668912c3dad2c18a42c1565,,확정 검수 · 목표값 원문 보존,"풍선을 00개
터뜨려라!"
stage-ui-all.json,68bc28d964a5e58ec16de759,,확정 검수 · 목표값 원문 보존,"제한 시간 안에
풍선을 00개
터뜨려라!"
stage-ui-all.json,0bf7cac73be633ea599d2ada,,자체 검수,데프 빅의 귀중한 CD
stage-ui-all.json,c20fa3534bbbf30157fd4727,,자체 검수,CD를 회수하라!
stage-ui-all.json,13a5e2aa48b693997470a790,,자체 검수,"데프 빅이 샀다는
CD 대체 얼마나
많은 걸까…"
stage-ui-all.json,1223240bb9cf205da9e248e3,,자체 검수,"유령 2마리를 터치한
뒤 골인하라!"
stage-ui-all.json,3f32ad23cdd03ec5ee2e4ed0,,자체 검수,유령 2마리를 찾자!
stage-ui-all.json,0c1c30e53c0c05c6756f18de,,자체 검수,"제한 시간 안에 유령
2마리를 찾아내라!"
stage-ui-all.json,835b974bcca721e1b92fa1e3,,자체 검수,"제한 시간 안에 유령
2마리를 찾아내라!"
stage-ui-all.json,ff02f657899cf9b3072cb8df,,자체 검수,타임 트라이얼 Lv.1
stage-ui-all.json,366fdf5a75447489def222c3,,자체 검수,"4:30 안에
골인하라!"
stage-ui-all.json,77272da574b046d4c732faa2,,자체 검수,"4:30 안에
골인하라!"
stage-ui-all.json,fa7c25f7e107ebe62f21ffc7,,자체 검수,"OK! 멋지게
클리어했군, 소닉!!
여기까지 바람이
느껴졌다고!
헤헤헤~!"
stage-ui-all.json,d6a61ded930933456588b12a,,자체 검수,타임 트라이얼 Lv.2
stage-ui-all.json,695b4a22dc8e314b81e3b0d7,,자체 검수,"3:30 안에
골인하라!"
stage-ui-all.json,39154aac9fb15394f1702ba3,,자체 검수,"3:30 안에
골인하라!"
stage-ui-all.json,1ff24fcb1f23363da8c07b23,,자체 검수,"OK! 네 배짱에는
놀라게 된다니까!
클리어하면 좋은 걸
줄 테니 힘내라고!"
stage-ui-all.json,528a841120c3abb43e291905,,자체 검수,타임 트라이얼 Lv.3
stage-ui-all.json,7948cd8114deecdb009808b4,,자체 검수,"2:30 안에
골인하라!"
stage-ui-all.json,b88a76d503bfa585e27ac1f2,,자체 검수,"2:30 안에
골인하라!"
stage-ui-all.json,eef1b174ebef3303601292a2,,자체 검수,배틀 트라이얼 Lv.1
stage-ui-all.json,3966e00c06263b6378cf06be,,자체 검수,"적을 15마리 이상
쓰러뜨리고 골인하라!"
stage-ui-all.json,989af8246e42ce204ea3f01c,,자체 검수,"적을 15마리 이상
쓰러뜨려라!"
stage-ui-all.json,d9c45609d49d9542cc7faef3,,자체 검수,배틀 트라이얼 Lv.2
stage-ui-all.json,035022f5c4fd5d4fa9749c9e,,자체 검수,"적을 20마리 이상
쓰러뜨리고 골인하라!"
stage-ui-all.json,75f8a1cd47d8b2a2fe7eeb9d,,자체 검수,"적을 20마리 이상
쓰러뜨려라!"
stage-ui-all.json,6237ed3df3663d6d4946b1ae,,자체 검수,배틀 트라이얼 Lv.3
stage-ui-all.json,f8871858080ee0c938a28849,,자체 검수,"적을 25마리 이상
쓰러뜨리고 골인하라!"
stage-ui-all.json,1339bd3f2c3352c402177f1e,,자체 검수,"적을 25마리 이상
쓰러뜨려라!"
stage-ui-all.json,32baccea38c1a73f61f4ed33,,자체 검수,링 트라이얼 Lv.1
stage-ui-all.json,afb08c5d8392a91af4f4798b,,자체 검수,"링을 100개 이상
모으고 골인하라!"
stage-ui-all.json,0d4cfb816d0701711f349030,,자체 검수,"링을 100개 이상
모으고 골인하라!"
stage-ui-all.json,5855c3cbccc98d379b862449,,자체 검수,링 트라이얼 Lv.2
stage-ui-all.json,220789e626e8f49c7927067b,,자체 검수,"링을 200개 이상
모으고 골인하라!"
stage-ui-all.json,6553acb93e8a11494e174da6,,자체 검수,"링을 200개 이상
모으고 골인하라!"
stage-ui-all.json,8d13b713e04c4ddb4e89947a,,자체 검수,링 트라이얼 Lv.3
stage-ui-all.json,64ba12411f474b2289072dde,,자체 검수,"링을 300개 이상
모으고 골인하라!"
stage-ui-all.json,2b8deff6027f71b97bc6d115,,자체 검수,"링을 300개 이상
모으고 골인하라!"
stage-ui-all.json,941878246cd94c415b098241,,자체 검수,서바이벌 Lv.1
stage-ui-all.json,9cc29f631592578bc7f21004,,확정 검수 · 목표값 원문 보존,"피해를 받지 않고
00:00 안에
골인하라!"
stage-ui-all.json,37ec48941530ddc6e0d03f34,,자체 검수,서바이벌 Lv.2
stage-ui-all.json,e4cf877bdddda9a5e3a40dda,,확정 검수 · 목표값 원문 보존,"피해를 받지 않고
00:00 안에
골인하라!"
stage-ui-all.json,dfc3b4cfcf51fabe99df10e7,,자체 검수,서바이벌 Lv.3
stage-ui-all.json,271e139b4cd7a0db45c497e0,,자체 검수,"20:00 안에
골인하라!"
stage-ui-all.json,450ea3b19e67e9bab1b8e2a4,,자체 검수,"20:00 안에
골인하라!"
stage-ui-all.json,5b39f9e54f27f4ce016140bd,,자체 검수,"15:00 안에
골인하라!"
stage-ui-all.json,d8ab1adc488b1f19393e211b,,자체 검수,"15:00 안에
골인하라!"
stage-ui-all.json,e04ee1ef4df0d02b488c6f67,,자체 검수,"10:00 안에
골인하라!"
stage-ui-all.json,b37a99672dc423b71c61c34f,,자체 검수,"10:00 안에
골인하라!"
stage-ui-all.json,3f85292ced04a13e27aa3c37,,자체 검수,스코어 트라이얼 Lv.1
stage-ui-all.json,aa4b7e4e7ad2d4c5e03bda6a,,자체 검수,"30000점 이상
획득하고 골인하라!"
stage-ui-all.json,7b8578242ccc63b4c773247a,,자체 검수,"30000점 이상
획득하고 골인하라!"
stage-ui-all.json,c04da3eed0c2ae70ab0430db,,자체 검수,스코어 트라이얼 Lv.2
stage-ui-all.json,065d97ee517e0b34d34b7006,,자체 검수,"40000점 이상
획득하고 골인하라!"
stage-ui-all.json,daa761c4a5c4b53fe0b475cc,,자체 검수,"40000점 이상
획득하고 골인하라!"
stage-ui-all.json,7a46d9414ea9252d281c1f58,,자체 검수,스코어 트라이얼 Lv.3
stage-ui-all.json,f59645834b4e5a9b90dafa09,,자체 검수,"50000점 이상
획득하고 골인하라!"
stage-ui-all.json,8ef6be081d2aaa87711752e5,,자체 검수,"50000점 이상
획득하고 골인하라!"
stage-ui-all.json,efe10188ac29f22b2393e1e9,,자체 검수,"적을 50마리 이상
쓰러뜨리고 골인하라!"
stage-ui-all.json,6f1e0421a73f833a1d54825f,,자체 검수,"적을 50마리 이상
쓰러뜨리고 골인하라!"
stage-ui-all.json,18f0b6a3caa6c3dd05dbee38,,자체 검수,"적을 60마리 이상
쓰러뜨리고 골인하라!"
stage-ui-all.json,d4ca732f8c5f0b08155f7d99,,자체 검수,"적을 60마리 이상
쓰러뜨리고 골인하라!"
stage-ui-all.json,b6ea676ade5c9b13115c25ad,,자체 검수,"적을 70마리 이상
쓰러뜨리고 골인하라!"
stage-ui-all.json,1212ac9c1730ea0a28708dd8,,자체 검수,"적을 70마리 이상
쓰러뜨리고 골인하라!"
stage-ui-all.json,5a1579de73aeb98aba1ef7e4,,자체 검수,"링을 150개 이상
모으고 골인하라!"
stage-ui-all.json,138baabaa487f1020792067a,,자체 검수,"링을 150개 이상
모으고 골인하라!"
stage-ui-all.json,44874bd6e81007f35775a70f,,자체 검수,"링을 250개 이상
모으고 골인하라!"
stage-ui-all.json,652b01c0e39c7ff479ed1064,,자체 검수,"링을 250개 이상
모으고 골인하라!"
stage-ui-all.json,8e7ebc40d9990edc8c9ea22d,,자체 검수,"LIFE 회복은
없다! 가드를 활용해
살아남아라!"
stage-ui-all.json,357d83060011fa673d703b1d,,자체 검수,"LIFE 회복은
없다! 방어를 활용해
살아 돌아와라!"
stage-ui-all.json,3ee1ca9ed77cd63262f56ab3,,자체 검수,"4:30 안에
골인하라!"
stage-ui-all.json,e9fe8f48e95b52e8e7b3dcc6,,자체 검수,"3:30 안에
골인하라!"
stage-ui-all.json,02de668724c529d73df0d4a2,,자체 검수,"2:30 안에
골인하라!"
stage-ui-all.json,db8684259320c9f704563f36,,자체 검수,"50000점 이상
획득하고 골인하라!"
stage-ui-all.json,b50a3e0122ad88163b41e512,,자체 검수,"적을 20마리 이상
쓰러뜨리고 골인하라!"
stage-ui-all.json,b134e921ea5ce430b5177211,,자체 검수,"적을 30마리 이상
쓰러뜨리고 골인하라!"
stage-ui-all.json,9ed593edc4e9a86e876e3f75,,자체 검수,"적을 30마리 이상
쓰러뜨리고 골인하라!"
stage-ui-all.json,3efbf0bb76c7c49ee08535b5,,자체 검수,"적을 40마리 이상
쓰러뜨리고 골인하라!"
stage-ui-all.json,f585b617839bf7fa09e64983,,자체 검수,"적을 40마리 이상
쓰러뜨리고 골인하라!"
stage-ui-all.json,c2affedaa7d0b3430ddda81d,,자체 검수,"링을 100개 이상
모으고 골인하라!"
stage-ui-all.json,acff23d5decda21b8f66480f,,자체 검수,"링을 100개 이상
모으고 골인하라!"
stage-ui-all.json,d405ff9ffeebab1ef0bc5011,,자체 검수,"링을 200개 이상
모으고 골인하라!"
stage-ui-all.json,4ef2282ed7f947462a6f0fcc,,자체 검수,"링을 200개 이상
모으고 골인하라!"
stage-ui-all.json,bc7be355f08947b0615727aa,,자체 검수,"링을 300개 이상
모으고 골인하라!"
stage-ui-all.json,0d9cd6ad803757faa51f992e,,자체 검수,"링을 300개 이상
모으고 골인하라!"
stage-ui-all.json,dcc43bacf9d65b7e63a2487d,,자체 검수,"링을 150개 이상
모으고 골인하라!"
stage-ui-all.json,e7452d16b72f8b4ea4f1c1bc,,자체 검수,"7:00 안에
골인하라!"
stage-ui-all.json,347da4887441cbc3e1e80f21,,자체 검수,"7:00 안에
골인하라!"
stage-ui-all.json,0fc8ae1684d58887fbd372cb,,자체 검수,"5:30 안에
골인하라!"
stage-ui-all.json,a44c8890079d85e580f4679a,,자체 검수,"5:30 안에
골인하라!"
stage-ui-all.json,795faad7e70e0827a5891654,,자체 검수,"40000점 이상
획득하고 골인하라!"
stage-ui-all.json,80e526488b4d544bb024f4c5,,자체 검수,"40000점 이상
획득하고 골인하라!"
stage-ui-all.json,5317214ee77a32a8697bb7ff,,자체 검수,"50000점 이상
획득하고 골인하라!"
stage-ui-all.json,f9ca16e5c04ddbfa8d23e9cc,,자체 검수,"50000점 이상
획득하고 골인하라!"
stage-ui-all.json,7659ba8783e8ecb75d9c571c,,자체 검수,"적을 80마리 이상
쓰러뜨리고 골인하라!"
stage-ui-all.json,9f6c871e8569722546784de0,,자체 검수,"적을 80마리 이상
쓰러뜨리고 골인하라!"
stage-ui-all.json,904e85184e084b5b8a3345bd,,자체 검수,"링을 500개 이상
모으고 골인하라!"
stage-ui-all.json,7fecf2f702c40a4f9a05ec27,,자체 검수,"링을 500개 이상
모으고 골인하라!"
stage-ui-all.json,16d2f7adb77e965bedde5308,,자체 검수,"링을 800개 이상
모으고 골인하라!"
stage-ui-all.json,9348ae4dca29a46537112e24,,자체 검수,"링을 800개 이상
모으고 골인하라!"
stage-ui-all.json,df715a3ae96b9d3f771dca6b,,자체 검수,"20:00 안에
골인하라!"
stage-ui-all.json,1c571f93d8f086b82c7f5c41,,자체 검수,"15:00 안에
골인하라!"
stage-ui-all.json,c83ddfbc505d083c552abb68,,자체 검수,"10:00 안에
골인하라!"
stage-ui-all.json,ee84e7c4321f4e75eb67f628,,자체 검수,"5:00 안에
골인하라!"
stage-ui-all.json,a29bd7a3a8d6c75e13bd54bb,,자체 검수,"5:00 안에
골인하라!"
stage-ui-all.json,360d47cbcd10255bd80b0ef1,,자체 검수,"피해를 받지 않고
7:00 안에
골인하라!"
stage-ui-all.json,875fb6f040aad703511b403f,,자체 검수,"피해를 받지 않고
5:00 안에
골인하라!"
stage-ui-all.json,6dbc17a9a36bf53a645419e6,,자체 검수,"피해를 받지 않고
3:30 안에
골인하라!"
stage-ui-all.json,79ca9dcab834dd9cdab70e78,,자체 검수,"8:00 안에
골인하라!"
stage-ui-all.json,0dacf9d21362a05bcf17d538,,자체 검수,"8:00 안에
골인하라!"
stage-ui-all.json,f018b2e062adb81d11ecb587,,자체 검수,"6:00 안에
골인하라!"
stage-ui-all.json,473254cde464990ac0d75bac,,자체 검수,"6:00 안에
골인하라!"
stage-ui-all.json,b12f4bae3b9730839680811a,,자체 검수,"4:00 안에
골인하라!"
stage-ui-all.json,7d838ad9e49b516b251aa0d6,,자체 검수,"4:00 안에
골인하라!"
stage-ui-all.json,e8abfba0479c940e77a67aa5,,자체 검수,"적을 10마리 이상
쓰러뜨리고 골인하라!"
stage-ui-all.json,a8e8ee0b28a5e00428969361,,자체 검수,"적을 10마리 이상
쓰러뜨리고 골인하라!"
stage-ui-all.json,df5829ccde2505dc3a1f5c01,,자체 검수,"3:00 안에
골인하라!"
stage-ui-all.json,0940a92dd44b762cb2af3f3e,,자체 검수,"3:00 안에
골인하라!"
stage-ui-all.json,5c3c6e7e4a2bfc5bf20a40be,,자체 검수,"링을 400개 이상
모으고 골인하라!"
stage-ui-all.json,f1932cb3a341369db8706827,,자체 검수,"링을 400개 이상
모으고 골인하라!"
stage-ui-all.json,cd3a01579919a7436aa8139c,,자체 검수,"링을 600개 이상
모으고 골인하라!"
stage-ui-all.json,5683547854140294ba9b1c85,,자체 검수,"링을 600개 이상
모으고 골인하라!"
stage-ui-all.json,7213ca4d9cbffd7a59318c01,,자체 검수,"40:00 안에
골인하라!"
stage-ui-all.json,26a27426e7351c1aacb5625c,,자체 검수,"40:00 안에
골인하라!"
stage-ui-all.json,18ef3e80ba0dd923c54f0e8b,,자체 검수,"30:00 안에
골인하라!"
stage-ui-all.json,df2144742f3a0be750f3c05f,,자체 검수,"30:00 안에
골인하라!"
stage-ui-all.json,cb076c61189f0e0b1718079a,,자체 검수,"준비 운동은
OK입니까? 그러면
레디 고!!"
stage-ui-all.json,35874c7a5ff4b0b72e92f40c,,자체 검수,"적을 35마리 이상
쓰러뜨리고 골인하라!"
stage-ui-all.json,71367109c4c38a0daf383817,,자체 검수,"적을 35마리 이상
쓰러뜨리고 골인하라!"
stage-ui-all.json,d8fe3a59ec57e9aa4730f1b1,,자체 검수,"싸울 각오는
OK입니까? 그러면
레디 고!!"
stage-ui-all.json,999c71c09155c65479962197,,자체 검수,"적을 45마리 이상
쓰러뜨리고 골인하라!"
stage-ui-all.json,c1f99c517c319d4d4b732e79,,자체 검수,"적을 45마리 이상
쓰러뜨리고 골인하라!"
stage-ui-all.json,5f4116b07aa430209f6300df,,자체 검수,"적을 55마리 이상
쓰러뜨리고 골인하라!"
stage-ui-all.json,2e196dcfa90079504a907440,,자체 검수,"적을 55마리 이상
쓰러뜨리고 골인하라!"
stage-ui-all.json,479eda1d4b2aa95fd971fb07,,자체 검수,"그건 아주 힘든
미션입니다만… 도전
OK? 레디 고!!"
stage-ui-all.json,3028015006126fc8e4256852,,자체 검수,"링을 250개 이상
모으고 골인하라!"
stage-ui-all.json,d864a3409ff23c783febda50,,자체 검수,"링을 250개 이상
모으고 골인하라!"
stage-ui-all.json,b8ccad540eb970ddbf62eea2,,자체 검수,"피해를 받지 않고
10:00 안에
골인하라!"
stage-ui-all.json,6e49753a2e5cce921cbf792a,,자체 검수,"피해를 받지 않고
8:00 안에
골인하라!"
stage-ui-all.json,b46432b7e92d551b83ac0dc0,,자체 검수,"피해를 받지 않고
6:00 안에
골인하라!"
stage-ui-all.json,17087169f2488d463d0f6504,,자체 검수,"75:00 안에
골인하라!"
stage-ui-all.json,42bd85528aeb42443dd544f6,,자체 검수,"75:00 안에
골인하라!"
stage-ui-all.json,22b1292ac8241bd5e275e736,,자체 검수,"65:00 안에
골인하라!"
stage-ui-all.json,af7eda0f92c914d9a8a46e3e,,자체 검수,"65:00 안에
골인하라!"
stage-ui-all.json,1aa564b75832db0ff352b044,,자체 검수,"45:00 안에
골인하라!"
stage-ui-all.json,e0b73122dce1d549e2e82c6d,,자체 검수,"45:00 안에
골인하라!"
stage-ui-all.json,ac0a9f8ba13a3ec83a34c591,,자체 검수,"링을 150개 이상
모으고 골인하라!"
stage-ui-all.json,e7f79dae29f859a0a24811a6,,자체 검수,"30000점 이상
획득하고 골인하라!"
stage-ui-all.json,16cc4cdf75f2ecf935e3916c,,자체 검수,"40000점 이상
획득하고 골인하라!"
stage-ui-all.json,58e0fa1f77af01f592fc38db,,자체 검수,"50000점 이상
획득하고 골인하라!"
stage-ui-all.json,5415a75d2df46f662d117a00,,자체 검수,"코스를 1바퀴
돌아라!"
stage-ui-all.json,3c3d56989e1fb283deb0fe6e,,자체 검수,"코스를 1바퀴
돌아라!"
stage-ui-all.json,521b3fd4acbfbe5430b80dc6,,확정 검수 · 목표값 원문 보존,"00000점 이상
획득하고 골인하라!"
stage-ui-all.json,ef5550cefb7472d692ad1c32,,확정 검수 · 목표값 원문 보존,"링을 000개 이상
모으고 골인하라!"
stage-ui-all.json,1e09a9803f994abd07e1c3f3,,자체 검수,"데프 빅이 샀다는
CD 대체 얼마나
많은 걸까…"
stage-ui-all.json,25a7ba6d0419162ccbbb89e4,,자체 검수,"OK! 멋지게
클리어했군, 소닉!!
여기까지 바람이
느껴졌다고!
헤헤헤~!"
stage-ui-all.json,fb6c3d86c1837b2f0efb1cb8,,자체 검수,"30000점 이상
획득하고 골인하라!"
stage-ui-all.json,42d33236310484277f8cdb84,,자체 검수,"30000점 이상
획득하고 골인하라!"
stage-ui-all.json,7c26b55a413e27f5b7019b05,,자체 검수,"40000점 이상
획득하고 골인하라!"
stage-ui-all.json,e192f98e88b008a66c3b4055,,자체 검수,"40000점 이상
획득하고 골인하라!"
stage-ui-all.json,8db4bfed95b6869ba52cc6a9,,자체 검수,"50000점 이상
획득하고 골인하라!"
stage-ui-all.json,53df4a516c96768fd699e46d,,자체 검수,"50000점 이상
획득하고 골인하라!"
stage-ui-all.json,88bf4a6a0f9416c39723db9c,,자체 검수,"50000점 이상
획득하고 골인하라!"
stage-ui-all.json,2a0aef7e55648bfe36889052,,자체 검수,"40000점 이상
획득하고 골인하라!"
stage-ui-all.json,d180ccb495d2acb51f2e2031,,자체 검수,"40000점 이상
획득하고 골인하라!"
stage-ui-all.json,30e077aa43a1ed237e89dd08,,자체 검수,"50000점 이상
획득하고 골인하라!"
stage-ui-all.json,45427e60199cbcd2d0a12bd5,,자체 검수,"50000점 이상
획득하고 골인하라!"
stage-ui-all.json,d522802e2494a075a9f577c1,,자체 검수,"30000점 이상
획득하고 골인하라!"
stage-ui-all.json,190251a141b79a6208f1b205,,자체 검수,"40000점 이상
획득하고 골인하라!"
stage-ui-all.json,abf140b1e11fce711f292bf8,,자체 검수,"50000점 이상
획득하고 골인하라!"
stage-ui-all.json,7f68b6dcff74354749b51f0e,,자체 검수,[DLC] Act 1-2
stage-ui-all.json,3f737303b74e1e08b4c88082,,자체 검수,[DLC] Act 1 하드 모드
stage-ui-all.json,2583f8e51d3cf55919547acc,,자체 검수,[DLC] Act 2-2 (※클리어하려면 삼각 점프·라이트 대시 기술이 필요합니다)
stage-ui-all.json,4a6ed89a892c89431cfe375b,,자체 검수,[DLC] Act 4
stage-ui-all.json,8bb7ba3a215bb95ab3fed321,,자체 검수,[DLC] Act 1-3
stage-ui-all.json,32a13e605315e65fd2f97a99,,자체 검수,[DLC] Act 1-2 (※클리어하려면 삼각 점프 기술이 필요합니다)
stage-ui-all.json,4212645dbdffbdf2a36224e4,,자체 검수,[DLC] Act 2-2 (※클리어하려면 삼각 점프 기술이 필요합니다)
stage-ui-all.json,20dcc460ca75ce79d6654bb7,,자체 검수,[DLC] Act 5 (※클리어하려면 에어 부스트 기술이 필요합니다)
stage-ui-all.json,2eb79a89ef45f7dad24b4071,,자체 검수,[DLC] Act 2
stage-ui-all.json,1f7fac0da53279add6cabf35,,자체 검수,[DLC] Act 3-2
stage-ui-all.json,cffb1601324aa4dbcef78f17,,자체 검수,"링을 300개 모으고
골인하라!"
stage-ui-all.json,ffa4af91967a14f90ef1a1a4,,자체 검수,"링을 300개 모으고
제한 시간 안에
골인하라!"
stage-ui-all.json,aef15e5df35647013d48efb0,,자체 검수,[DLC] Act 4 (※클리어하려면 삼각 점프 기술이 필요합니다)
stage-ui-all.json,1c042d9cf44bf67bbeeacc9c,,자체 검수,[DLC] Act 5
stage-ui-all.json,c138f4ac0a2fd473cc921e47,,자체 검수,[DLC] Act 3
stage-ui-all.json,d39169479f93739d91abc9da,,자체 검수,[DLC] Act 2-2
stage-ui-all.json,f5449adc0c23d5586efc69ff,,자체 검수,[DLC] Act 1-2 (※클리어하려면 스톰핑·삼각 점프 기술이 필요합니다)
stage-ui-all.json,9136c2c54c72d567e246b24a,,자체 검수,[DLC] Act 4 (※클리어하려면 스톰핑·에어 부스트 기술이 필요합니다)
stage-ui-all.json,ceb0b86779dc1bec7ee3e346,,자체 검수,[DLC] Act 1-2 (※클리어하려면 삼각 점프·라이트 대시 기술이 필요합니다)
stage-ui-all.json,e7bd2473619088d5aaf40836,,자체 검수,"코스를 5바퀴
돌아라!"
stage-ui-all.json,257ee6076b3208c895baad8f,,자체 검수,"코스를 5바퀴
돌아라!"
stage-ui-all.json,3f40730c66a19125e90a2452,,자체 검수,"코스를 4바퀴
돌아라!"
stage-ui-all.json,288ce7ac2417e836cd0dd683,,자체 검수,"코스를 4바퀴
돌아라!"
stage-ui-all.json,42e4e6ead4590c28d72b6313,,자체 검수,[DLC] Act 1-2 (※클리어하려면 라이트 대시 기술이 필요합니다)
stage-ui-all.json,f0f6675d196b283f8a3c5fda,,자체 검수,"적을 20마리 이상
쓰러뜨려라!"
stage-ui-all.json,a701e71e7dee23537bb1e091,,자체 검수,"적을 30마리 이상
쓰러뜨려라!"
stage-ui-all.json,5c3bad459ac02e83a2a4e98f,,자체 검수,"적을 40마리 이상
쓰러뜨려라!"
stage-ui-all.json,9812f8c0295ac1f6cdcd6028,,자체 검수,"적을 50마리 이상
쓰러뜨려라!"
stage-ui-all.json,2e900ec228c2cc786e395c86,,자체 검수,"적을 80마리 이상
쓰러뜨려라!"
stage-ui-all.json,5e440d3b03ea7826c902bf84,,자체 검수,"적을 60마리 이상
쓰러뜨려라!"
stage-ui-all.json,bfe737b8b77e08dedabf7b26,,자체 검수,"적을 10마리 이상
쓰러뜨려라!"
stage-ui-all.json,4bdb5b0e43d455a341f4e0af,,자체 검수,"적을 70마리 이상
쓰러뜨려라!"
stage-ui-all.json,e7c7cd1b85aad81d4e3f30f9,,자체 검수,"적을 35마리 이상
쓰러뜨려라!"
stage-ui-all.json,1babc1fea435f4c6bf6faab1,,자체 검수,"적을 45마리 이상
쓰러뜨려라!"
stage-ui-all.json,a4ed4a147657e55d78dd15e9,,자체 검수,"적을 55마리 이상
쓰러뜨려라!"
stage-ui-all.json,dffa8771a8fa825da5c48cf4,,자체 검수,[DLC] Act 3-2 (※클리어하려면 삼각 점프·라이트 대시 기술이 필요합니다)
stage-ui-all.json,07fdd6def0ef8962fe6ea3e5,,자체 검수,[DLC] Act 1-2 (※클리어하려면 스톰핑·삼각 점프·에어 부스트 기술이 필요합니다)
stage-ui-all.json,bed762c0c88c1dacb43fc662,,자체 검수,[DLC] Act 1-2 (※클리어하려면 삼각 점프·라이트 대시 기술이 필요합니다)
stage-ui-all.json,3730b05a5690669fef5c222a,,자체 검수,[DLC] Act 2-2 (※클리어하려면 삼각 점프·라이트 대시 기술이 필요합니다)
stage-ui-all.json,55098a10fde5508fd72cf08e,,자체 검수,[DLC] Act 3-2 (※클리어하려면 에어 부스트·라이트 대시 기술이 필요합니다)
town-dialogue-all.json,030a85a75d54fef49fe0dbd0,Town_Africa_Common,자체 검수,OK! 내게 맡겨
town-dialogue-all.json,69728dbb565270d210845c19,Town_Africa_Common,자체 검수,"난 1초라도 더 오래
자기와 함께 있고 싶어!"
town-dialogue-all.json,95b834cb7b5aab714f8d6e10,Town_Africa_Common,자체 검수,OK! 뭐든 물어봐
town-dialogue-all.json,03b755303e3a1ec68d8fe1e0,Town_Africa_Common,자체 검수,"YES!!
바로 시작할게"
town-dialogue-all.json,2e53a40f9198e8ccd305a720,Town_Africa_Common,자체 검수,"GREAT!!
엄청난 특종이야
다른 증언과도 정확히 일치해"
town-dialogue-all.json,fdf76fbd58a4a526f8f1aab3,Town_Africa_Common,자체 검수,Dr. 에그맨
town-dialogue-all.json,6ff48f26e8632af4b636fd19,Town_Africa_Common,자체 검수,Mr. 에그맨
town-dialogue-all.json,0c5c76b54abf09ecedf7175d,Town_Africa_Common,자체 검수,Dr. 쿡맨
town-dialogue-all.json,950701bc01d4cc78082ae20f,Town_Africa_Common,자체 검수,"GREAT!!
엄청난 특종이야
다른 증언과도 정확히 일치해"
town-dialogue-all.json,2dbc47d1e033a74b2bc2b57a,Town_Africa_Common,자체 검수,7개
town-dialogue-all.json,497b466492c2962433444d4a,Town_Africa_Common,자체 검수,8개
town-dialogue-all.json,8f37d94c9dfed6a21703b2ba,Town_Africa_Common,자체 검수,9개
town-dialogue-all.json,41acda89e97e21b7d7c8dbcc,Town_Africa_Common,자체 검수,"악의 과학자
Dr. 에그맨의 목적은?"
town-dialogue-all.json,cb1dc8000650d00844df2951,Town_Africa_Common,자체 검수,"GREAT!!
엄청난 특종이야
다른 증언과도 정확히 일치해"
town-dialogue-all.json,3ded5ff264117b8825374119,Town_Africa_Common,자체 검수,SONIC THE WEREHOG
town-dialogue-all.json,2686c2cbdb8fef2be60321ed,Town_Africa_Common,자체 검수,SONIC THE DARKHOG
town-dialogue-all.json,c04a226ecf428600973df765,Town_Africa_Common,자체 검수,SONIC THE CHAOSHOG
town-dialogue-all.json,9917e27a84b3fd8abe93af3e,Town_Africa_Common,자체 검수,"GREAT!!
엄청난 특종이야
다른 증언과도 정확히 일치해"
town-dialogue-all.json,599af62660ad95310ec7a3a3,Town_Africa_Common,자체 검수,"Dr. 에그맨은
어떤 녀석이지?"
town-dialogue-all.json,e95b3620c3553b79060e4d34,Town_Africa_Common,자체 검수,IQ 300의 천재
town-dialogue-all.json,1eb427b0ef33558e46cafd22,Town_Africa_Common,자체 검수,나이는 300살
town-dialogue-all.json,0193e42ef558e300027e02a8,Town_Africa_Common,자체 검수,"신문 1면 머리기사로
실어 줄게!"
town-dialogue-all.json,d1a47b2ed516922c2216a89e,Town_Africa_Common,자체 검수,OK! 맡겨 줘
town-dialogue-all.json,0a65fb527649838d5b75fc26,Town_Africa_Common,자체 검수,"COOL!! 너 정말 COOL해!!
미션 전부 끝! 축하해!"
town-dialogue-all.json,264a9acc99c47a8e02585c82,Town_Africa_Common,자체 검수,OK! 뭐든 맡겨 줘
town-dialogue-all.json,ae0bd276135c87493076a61c,Town_Africa_Common,자체 검수,OK! 맡겨 줘
town-dialogue-all.json,058d93d3729d2e65131b2fce,Town_Africa_Common,자체 검수,OK! 나한테 맡겨!
town-dialogue-all.json,2b12781f4f8daf8123ec9fab,Town_Africa_Common,자체 검수,OK! 나한테 맡겨!
town-dialogue-all.json,46cfcc4bd2bba4a62cd59742,Town_Africa_Common,자체 검수,OK! 뭐든 물어봐!
town-dialogue-all.json,1a4d029b6114f787191f6a2a,Town_Africa_Common,자체 검수,"후후…
문제는 5개예요
전부 맞힐 수 있을까요"
town-dialogue-all.json,d4e07dd5aba5fc55970cb04b,Town_Africa_Common,자체 검수,6채
town-dialogue-all.json,3aeb86afee6a7df87ca30e8c,Town_Africa_Common,자체 검수,7채
town-dialogue-all.json,b598da522c24d5fa1bd68922,Town_Africa_Common,자체 검수,8채
town-dialogue-all.json,7aec2a147013f83dfeaf5d06,Town_Africa_Common,자체 검수,"고기만두를 만든 지 90년!
그 할머니의 특징은?"
town-dialogue-all.json,ea3c749f3df7ededba7758e3,Town_Africa_Common,자체 검수,3개
town-dialogue-all.json,eb40ddff608c7abf88cf1c2d,Town_Africa_Common,자체 검수,4개
town-dialogue-all.json,8c8498deea81dc41294401e0,Town_Africa_Common,자체 검수,2개
town-dialogue-all.json,d7e2e90c74a15f813d04da13,Town_Africa_Common,자체 검수,'OK! 준비됐어'
town-dialogue-all.json,eca0ca4e6f753e789a982876,Town_Africa_Common,자체 검수,'OK! 화끈하게 가자!'
town-dialogue-all.json,ffbf50f518025954c388dde9,Town_Africa_Common,자체 검수,'OK! 화끈하게 가자!'
town-dialogue-all.json,bb809b57e969aaf82e80364c,Town_Africa_Common,자체 검수,"2인 대화의 보조 인물
NY의 찰스에 기재"
town-dialogue-all.json,8e0c5f910548f4a65e5cbf88,Town_Africa_Common,자체 검수,2인 대화 보조 인물
town-dialogue-all.json,ec4332f24cff52e7c5d19c69,Town_Africa_Common,자체 검수,'OK! 맡겨 줘'
town-dialogue-all.json,d5e4ed4fa92b3757df3d7186,Town_China_Common,확정 검수,"신문 1면 머리기사로
실어 줄게!"
town-dialogue-all.json,844c400d4524dd3a0786c925,Town_China_Common,자체 검수,OK! 나한테 맡겨!
town-dialogue-all.json,2ff898ab0a06ba8c51e710ef,Town_China_Common,자체 검수,"고기만두를
3개 사다 주면
여기를 지나가게 해 줄게!"
town-dialogue-all.json,9ab8e5e89640f16c4a14e2eb,Town_China_Common,자체 검수,"너, 이 아이에게 줄
고기만두 3개를
사다 줄 거지?"
town-dialogue-all.json,1943504e15d91a6c636f122c,Town_China_Common,자체 검수,OK! 나한테 맡겨!
town-dialogue-all.json,036d4e34125ecec521e0cc8d,Town_China_Common,자체 검수,OK! 맡겨 둬
town-dialogue-all.json,bcec7beb4d3b977895c28d66,Town_China_Common,자체 검수,"고기만두를 3개 가져다주면
이 형을
지나가게 해 줄게!"
town-dialogue-all.json,a2839723b513fd01f1a40d71,Town_China_Common,자체 검수,OK! 맡겨 둬
town-dialogue-all.json,5ca963cdc9997a9baea083dd,Town_China_Common,자체 검수,"●춘과 2인 대화 미션
●보조 인물"
town-dialogue-all.json,79fecda97f3410e91beea33b,Town_China_Common,자체 검수,"●찰스와 2인 대화
●보조 인물"
town-dialogue-all.json,9adc25d92418e914f0aafcd8,Town_China_Common,자체 검수,"●춘과 2인 대화
●보조 인물
●찰스 일행을 보고 있음"
town-dialogue-all.json,cf4e7502d8e3cffa4978a0b0,Town_China_Common,자체 검수,OK! 맡겨 줘!
town-dialogue-all.json,2676ccf8b466f88e6d518915,Town_China_Common,자체 검수,'OK! 준비됐어'
town-dialogue-all.json,cd59686b5ef65e9cf5648272,Town_China_Common,확정 검수 · 제작용 원문,"●모든 미션 클리어 전 낮 대화
M_BeforeAllClear_Day"
town-dialogue-all.json,91f4d099bbaf66e04bde18e5,Town_China_Common,자체 검수,'OK! 촌장님을 찾아올게!'
town-dialogue-all.json,d50ba19a35730e03b5f9d9ce,Town_China_Common,확정 검수 · 제작용 원문,<2인 대화 보조>
town-dialogue-all.json,029d6073e18fe6d3ce6bbc5e,Town_China_Common,자체 검수,OK! 준비됐어
town-dialogue-all.json,8f17610043c5f89b9ddc1e57,Town_EULabo_Common,자체 검수,"Dr. 에그맨도
분명 지금쯤
당황하고 있을 겁니다!"
town-dialogue-all.json,a60b32a0eac986b87222f7ac,Town_EULabo_Common,자체 검수,"그건 그렇고
최근 Dr. 에그맨의 활동이 더욱
활발해진 모양입니다"
town-dialogue-all.json,4421f447f5deb7a7da5d6e5a,Town_EULabo_Common,자체 검수,"하지만 완전히 성장하기 전에
Dr. 에그맨이
억지로 깨운 탓에"
town-dialogue-all.json,584570bcd9abe6fb28960018,Town_EULabo_Common,자체 검수,"그 힘이
Dr. 에그맨의 짓으로
빼앗긴 모양입니다"
town-dialogue-all.json,e1a0ac390309f1b67372d26f,Town_EULabo_Common,자체 검수,"Dr. 에그맨의
카오스 에너지 포 때문에
다크 가이아가 깨어났고"
town-dialogue-all.json,c0d29e98d8c9f755032388f8,Town_EULabo_Common,자체 검수,"다행히 Dr. 에그맨이
깨운 다크 가이아는
아직 불완전한 상태입니다"
town-dialogue-all.json,9700dabba4d7c9599c314eae,Town_EULabo_Common,자체 검수,Dr. 에그맨에 관해
town-dialogue-all.json,8a4f0c31bdbe4c0db5830b8e,Town_EULabo_Common,자체 검수,"소닉 군은
Dr. 에그맨의 함정에
빠진 모양입니다"
town-dialogue-all.json,9b3ec2eded914fb1b621e512,Town_EULabo_Common,자체 검수,'아포토스 낮 Act 2' 힌트
town-dialogue-all.json,d850dd8b25d9aba40b97cc74,Town_EULabo_Common,자체 검수,"아포토스 낮 Act 2의
샛길은 벌써 찾았습니까?"
town-dialogue-all.json,951412bf4f098ef27cf8ed82,Town_EULabo_Common,자체 검수,'아포토스 밤 Act 1' 힌트
town-dialogue-all.json,5ef1d55bb9cda07267d680a6,Town_EULabo_Common,자체 검수,"아포토스 밤 Act 1에는
부술 수 있는 문이
많은 모양입니다"
town-dialogue-all.json,c2c9de1c7bd62772d89af352,Town_EULabo_Common,자체 검수,'마주리 낮 Act 1' 힌트
town-dialogue-all.json,2c0a5ee74bc106d3419e162e,Town_EULabo_Common,자체 검수,"삼각 점프를 익히면
마주리의 낮 스테이지 Act 1에
다시 가 보십시오"
town-dialogue-all.json,87dbb6338c570c3c8b2655eb,Town_EULabo_Common,자체 검수,'마주리 밤 Act 1' 힌트
town-dialogue-all.json,9543dc540ebff28d36a98484,Town_EULabo_Common,자체 검수,"마주리 밤 Act 1에는
회전 레버로 움직이는
발판이 있었지요?"
town-dialogue-all.json,e1ddb356e460fdcd656005d9,Town_EULabo_Common,자체 검수,미션에 관해 3
town-dialogue-all.json,96dd24edc25439a658779784,Town_EULabo_Common,자체 검수,'스파고니아 낮 Act 1' 힌트
town-dialogue-all.json,5955b326afdbd98c1994a47f,Town_EULabo_Common,자체 검수,"스파고니아 낮 Act 1 도중에
카페를 지나지요?"
town-dialogue-all.json,c6be26a49672d837206548f7,Town_EULabo_Common,자체 검수,'스파고니아 밤 Act 1' 힌트
town-dialogue-all.json,af571be3da9563b702b8cbc7,Town_EULabo_Common,자체 검수,"스파고니아의 밤 Act 1에는
문을 부술 수 있는 집이
아주 많은 모양입니다"
town-dialogue-all.json,63c1ad219afd2a5fa3794413,Town_EULabo_Common,자체 검수,미션에 관해 4
town-dialogue-all.json,8a83dfba2556cb33f11d21ea,Town_EULabo_Common,자체 검수,'춘난 낮 Act 1' 힌트
town-dialogue-all.json,a40ee983022ff5e640028e62,Town_EULabo_Common,자체 검수,"춘난 낮 Act 1의
동굴을 지나 만나는 호수를
기억합니까?"
town-dialogue-all.json,3856d446d206975ab87ac1bd,Town_EULabo_Common,자체 검수,'춘난 밤 Act 1' 힌트
town-dialogue-all.json,c320a56c9bc83e9f76433455,Town_EULabo_Common,자체 검수,"춘난 밤 Act 1에서
폭포 앞에 도착하면
주의 깊게 살펴보십시오"
town-dialogue-all.json,f608cdecc4fdc7c73b0d5062,Town_EULabo_Common,자체 검수,미션에 관해 1
town-dialogue-all.json,cda3fcd9a230907f40cf6ccd,Town_EULabo_Common,자체 검수,'춘난 낮 Act 1' 힌트 2
town-dialogue-all.json,d15a257269557de7d0345731,Town_EULabo_Common,자체 검수,"춘난 낮 Act 1에는
멋진 용의 길이 있었지요
그중 어느 용은…"
town-dialogue-all.json,bb2b5193422007e6f60bd044,Town_EULabo_Common,자체 검수,미션에 관해 6
town-dialogue-all.json,693ab0f43f2070e1bb080140,Town_EULabo_Common,자체 검수,'홀로스카 밤 Act 1' 힌트
town-dialogue-all.json,a808103d112cfd9c3bae6aac,Town_EULabo_Common,자체 검수,"홀로스카의 밤 Act 1에는
펭귄이 많이 있었지요"
town-dialogue-all.json,ff953e018535cbea98f0ef0b,Town_EULabo_Common,자체 검수,'홀로스카 낮 Act 1' 힌트
town-dialogue-all.json,09fe1324b7773e84f2c2cf19,Town_EULabo_Common,자체 검수,"홀로스카의
낮 Act 1 어딘가에
부술 수 있는 벽이 있습니다"
town-dialogue-all.json,23770849dfbb75bd46c883a2,Town_EULabo_Common,자체 검수,"주민 소개에 등록되는 사람은
전 세계에 98명인 모양입니다"
town-dialogue-all.json,775be2edd6848e3513feba95,Town_EULabo_Common,자체 검수,미션에 관해 2
town-dialogue-all.json,ecdcd0c7ba21787396d68acd,Town_EULabo_Common,자체 검수,'샤마르 낮 Act 1' 힌트
town-dialogue-all.json,b1e1d2317514bee3543dd99e,Town_EULabo_Common,자체 검수,"샤마르의 낮 Act 1 등에서
가까이 있는데도 얻지 못하는 링은"
town-dialogue-all.json,0d097f4893fd3b700c60c288,Town_EULabo_Common,자체 검수,미션에 관해 7
town-dialogue-all.json,0a454c98e44daebf5357893c,Town_EULabo_Common,자체 검수,"적 도감에
등록되는 적은
모두 55종류인 모양입니다"
town-dialogue-all.json,81c50c6954ee6c620ea78097,Town_EULabo_Common,자체 검수,"내게 건넬 수 있는
'기념품'은 모두
45종류인 모양입니다"
town-dialogue-all.json,af02341002a1a9976359e841,Town_EULabo_Common,자체 검수,미션에 관해 5
town-dialogue-all.json,7cdc64ed2445d0aaf074005b,Town_EULabo_Common,자체 검수,'엠파이어 시티 낮 Act 1' 힌트
town-dialogue-all.json,3be1bc81617e68ffaa0f27bb,Town_EULabo_Common,자체 검수,"엠파이어 시티의
낮 Act 1에는"
town-dialogue-all.json,f238b58cfa21bc2b21d7cafa,Town_EULabo_Common,자체 검수,'엠파이어 시티 밤 Act 1' 힌트
town-dialogue-all.json,1bf9b06bb5b52cbca07a4123,Town_EULabo_Common,자체 검수,"세계 각지의 사람들에게 받는
'미션'은
모두 94개인 모양입니다"
town-dialogue-all.json,4d8552c17fc1fc2c68999440,Town_EULabo_Common,자체 검수,"태양 메달 200개
달 메달 200개
…라고 합니다"
town-dialogue-all.json,d90a4390f9b6d8e34838bd5a,Town_EULabo_Common,자체 검수,"신비한 핫도그 가게
'돈 파치오'는
전 세계에 9개 지점이 있습니다"
town-dialogue-all.json,2bd54b68e14e6474c5d243b9,Town_EULabo_Common,자체 검수,"판매하는
트라이얼 미션 수는
놀랍게도 총 123개라고 합니다!"
town-dialogue-all.json,d91186c2a2690f9165caee8d,Town_EULabo_Common,자체 검수,'아다바트 낮 Act 1' 힌트
town-dialogue-all.json,3936257e1d207a7f5dd5d7b5,Town_EULabo_Common,자체 검수,"아다바트 낮 Act 1에서
바다에 도착하면…"
town-dialogue-all.json,b6455a9b4b90d68afbbb53dd,Town_EULabo_Common,자체 검수,'아다바트 밤 Act 1' 힌트
town-dialogue-all.json,b358269fec6a411edb44d54c,Town_EULabo_Common,자체 검수,"아다바트의 밤 Act 1에는
아주 커다란 바위가 있지요
보기만 해도 튼튼해 보입니다"
town-dialogue-all.json,374204d788a9e99165c79d06,Town_EggManBase_Common,자체 검수,"그래도 만들었지
Dr. 에그맨 님에게는
거역할 수 없으니까"
town-dialogue-all.json,efe730e6caee1d72c72d4204,Town_EggManBase_Common,자체 검수,"Dr. 에그맨 님 공인
귀하디귀한 아이템을 원하는 건가?"
town-dialogue-all.json,be4404ff130776cd9d82b735,Town_EggManBase_Common,자체 검수,"어느 것이든
Dr. 에그맨 님이 아끼는 상품이다!"
town-dialogue-all.json,6094d6c21e0555d137da98d5,Town_EggManBase_Common,자체 검수,"내 이름은 EF-XB2006!!
어디서든 덤벼라!!
소닉 따위에게는 지지 않아!!"
town-dialogue-all.json,7ed56d989f394c554eec37a8,Town_EggManBase_Common,자체 검수,"나는 EF-XB2006!
별명은 엣짱이야
잘 부탁해"
town-dialogue-all.json,e06c8bd8e5208e833460e2ae,Town_EggManBase_Common,자체 검수,"훗…
내 이름은 EF-XB2006
지옥에서 온 사자…"
town-dialogue-all.json,682677a27bf954b813bb002e,Town_EuropeanCity_Common,자체 검수,'OK! 맡겨 줘'
town-dialogue-all.json,da121bab3f93c1c5847f85a3,Town_EuropeanCity_Common,자체 검수,'OK! 내게 맡겨'
town-dialogue-all.json,d684f67c43553c9d4abe387e,Town_EuropeanCity_Common,자체 검수,"마주리 지방에
그런 신전이 있다고
TV에서 본 적은 있어"
town-dialogue-all.json,c7b7f4ae7901989bf5df4eff,Town_EuropeanCity_Common,자체 검수,"붙여 둔 커트 가격을
'링 100만 개'로
바꿔 써 놨어!"
town-dialogue-all.json,74d125fabbdd030d522b0241,Town_EuropeanCity_Common,확정 검수 · 제작용 원문,"<보조 대화>
다비드와 2인 대화"
town-dialogue-all.json,7971c04b4d9949aa7ef87a12,Town_EuropeanCity_Common,자체 검수,'OK! 맡겨 줘'
town-dialogue-all.json,759a38742759f79a8d4a070a,Town_EuropeanCity_Common,자체 검수,'OK!! 맡겨 줘'
town-dialogue-all.json,545c715c12d9fd1cd69083f9,Town_EuropeanCity_Common,자체 검수,"조수여, 부탁하네!!
세계의 별미를
2종류 가져다주게!!"
town-dialogue-all.json,47e9943d575c67751355469c,Town_EuropeanCity_Common,자체 검수,"소닉이여
세계의 별미를
2종류 가져다주게!"
town-dialogue-all.json,4049a0b55521cd04694f6393,Town_EuropeanCity_Common,확정 검수 · 제작용 원문,"이 NPC는
계속 상점 주인입니다"
town-dialogue-all.json,747e68c29e6988767525d91f,Town_EuropeanCity_Common,자체 검수,OK! 내게 맡겨!
town-dialogue-all.json,9dd8e7a99ad20d26beb89a10,Town_EuropeanCity_Common,자체 검수,'OK! 맡겨 줘'
town-dialogue-all.json,75a30a2a842bd63c09d6409e,Town_EuropeanCity_Common,자체 검수,"피클과 나는
오랜 친구라네
벌써 80년을 알고 지냈지"
town-dialogue-all.json,7d251d4f377ef05d4a146c28,Town_EuropeanCity_Common,자체 검수,"80년이야, 80년!
믿을 수 없어!"
town-dialogue-all.json,9efedb403665ba0602b8e4af,Town_EuropeanCity_Common,확정 검수 · 제작용 원문,"마주리 야간 ACT 클리어 및
교수 방에서 가이아 문서 강의 후
'스파고니아 야간 한정'"
town-dialogue-all.json,b49a02cf58d96fd46791b2e6,Town_EuropeanCity_Common,확정 검수 · 제작용 원문,엘리오와 2인 대화 보조
town-dialogue-all.json,c8ef3c14f92b3ab09aebd9d4,Town_EuropeanCity_Common,확정 검수 · 제작용 원문,이하는 식당 할아버지의 미션 6 완료 전
town-dialogue-all.json,1527d5f8607fe7f9c5ac7671,Town_Mykonos_Common,확정 검수,'OK! 맡겨 둬'
town-dialogue-all.json,3e23aef16308fff0801a9ce6,Town_Mykonos_Common,자체 검수,OK! 일단 가 볼게!
town-dialogue-all.json,a1f1721f12fc009d11baf406,Town_Mykonos_Common,자체 검수,OK! 증명해 주지
town-dialogue-all.json,40a9061f0dce44ecb14fd876,Town_Mykonos_Common,자체 검수,"내 미션을 전부 깨다니
너 정말 COOL하군! GREAT!!"
town-dialogue-all.json,79a1add9c4aa9c63bb93b7f0,Town_Mykonos_Common,자체 검수,'OK! 맡겨 줘'
town-dialogue-all.json,58572348659e48b63e2053b6,Town_Mykonos_Common,확정 검수,'OK! 내게 맡겨!'
town-dialogue-all.json,ae61b6aeb511495f2694457f,Town_NYCity_Common,확정 검수,"신문 1면 머리기사로
실어 줄게!"
town-dialogue-all.json,5833eed13cd0ebc1ec460175,Town_NYCity_Common,자체 검수,"내가 사 모은
귀중한 CD들이…"
town-dialogue-all.json,1c32ccd8eaf721202917d003,Town_NYCity_Common,자체 검수,"부탁이야!!
CD를 모아 줘!!"
town-dialogue-all.json,d8af4d770c61eb2da706d2d9,Town_NYCity_Common,자체 검수,'OK! 해 보자고!'
town-dialogue-all.json,6268c85931978ec4f22b758d,Town_NYCity_Common,자체 검수,'OK! 해 보자고!'
town-dialogue-all.json,eeb574e3c12b62024044715d,Town_NYCity_Common,자체 검수,"이건…
100년에 한 번 나올 대형 스타야!
정말 판타스틱해!!"
town-dialogue-all.json,a7e90e6d4e4a12f5ef656230,Town_NYCity_Common,자체 검수,"Wonderful! 축하해요!
미션이 전부 끝났어요~"
town-dialogue-all.json,04401220c7180b6047c3310e,Town_NYCity_Common,자체 검수,"그 유능한 프로듀서
Mr. 데프가"
town-dialogue-all.json,ad062ba74eba138c59483095,Town_NYCity_Common,자체 검수,"Mr. 데프 오디션 응모가
오늘 마감이야"
town-dialogue-all.json,296d22241fc69acaf36e539d,Town_NYCity_Common,자체 검수,"네가 이 테이프를
Mr. 데프에게 전해 주지 않을래!?"
town-dialogue-all.json,722daa6848f06fd06cf7ffe9,Town_NYCity_Common,자체 검수,'OK! 내게 맡겨!'
town-dialogue-all.json,8c7c394c44d122ae5937bb9e,Town_NYCity_Common,자체 검수,"요즘 이 근처를
Mr. 데프가 자주 다닌다고
들었거든…"
town-dialogue-all.json,ea96f8fa70a2f891de805185,Town_NYCity_Common,자체 검수,"있잖아, 들어 봐!!
방금 저쪽 길에
Mr. 데프가 있었어!!"
town-dialogue-all.json,8222c6c9e7a17ed62a10d05b,Town_NYCity_Common,자체 검수,Mr. 데프!
town-dialogue-all.json,4659af303a4f3c42166eccd3,Town_NYCity_Common,자체 검수,"나와 샤디
누가 Mr. 데프의 눈에
들었을까…"
town-dialogue-all.json,06aa026a139ac275dbb60558,Town_NYCity_Common,자체 검수,"있잖아, 너
Mr. 데프에게 물어봐 주지 않을래?"
town-dialogue-all.json,350159c66fc8b76a69d97154,Town_NYCity_Common,자체 검수,'OK! 준비됐어'
town-dialogue-all.json,984eabf1db857926400f1351,Town_NYCity_Common,자체 검수,"수수께끼의 엠파이어 시티 거주 사진가
루이 몽탕, 38세가
바로 나야…"
town-dialogue-all.json,7cf1eb0264d335d28d80bace,Town_NYCity_Common,자체 검수,"이 팔찌를 들고
그녀에게 1초라도
빨리 달려가는 거야!"
town-dialogue-all.json,5bcf136f1cfb0de78733e5ab,Town_NYCity_Common,자체 검수,드림 카운터 2호점
town-dialogue-all.json,ae865af64fac7b528ddd4c3d,Town_NYCity_Common,자체 검수,"헤이, 브라더!
여기는 드림 카운터 2호점이야"
town-dialogue-all.json,9303caac0b1cc791fe6810f5,Town_NYCity_Common,자체 검수,'OK! 내게 맡겨'
town-dialogue-all.json,fde7de252a5f256f8ea12410,Town_NYCity_Common,자체 검수,'OK! 내게 맡겨!'
town-dialogue-all.json,8f052510bad12eee42de2cf2,Town_NYCity_Common,자체 검수,"Mr. 데프의
오디션 마감이
오늘인데"
town-dialogue-all.json,3aa887c2614739262a7d0bca,Town_NYCity_Common,자체 검수,'OK! 내게 맡겨!'
town-dialogue-all.json,1a0855c43453b52b9126ac02,Town_NYCity_Common,자체 검수,"내 노래를
Mr. 데프가 들어 줬을까…"
town-dialogue-all.json,7bedfe1ca7132d7e9e7487c3,Town_NYCity_Common,자체 검수,"그 데모 테이프가
Mr. 데프의 눈에 띌까…"
town-dialogue-all.json,30b0ee5432fd849dbcdfa55f,Town_PetraCapital_Common,확정 검수 · 제작용 원문,<2인 대화 보조>
town-dialogue-all.json,e87a53e22aeaf27f54dd7291,Town_PetraCapital_Common,자체 검수,OK! 내게 맡겨!
town-dialogue-all.json,b79700df2993704f4af3e1ae,Town_PetraCapital_Common,자체 검수,OK! 부탁해!
town-dialogue-all.json,138ad768573d66e67aa02cee,Town_PetraCapital_Common,자체 검수,TV를 봐 버렸다
town-dialogue-all.json,6933f9e4ce5b67fa6479b6b0,Town_PetraCapital_Common,자체 검수,'OK! 내게 맡겨!'
town-dialogue-all.json,2a1a51c0821ea8dc63c37898,Town_PetraCapital_Common,자체 검수,쿵쾅쾅!이구나… OK!
town-dialogue-all.json,54e0664e78f402cde26c5b49,Town_PetraCapital_Common,자체 검수,'OK! 내게 맡겨!'
town-dialogue-all.json,2c5ab422c7f99447ab0157a0,Town_PetraCapital_Common,자체 검수,3+5-1은?
town-dialogue-all.json,4f2e57671371724f094c4e5f,Town_PetraCapital_Common,자체 검수,7
town-dialogue-all.json,2431aa1fcb766b45438175e3,Town_PetraCapital_Common,자체 검수,8
town-dialogue-all.json,7fe2af78669c181593fba735,Town_PetraCapital_Common,자체 검수,9
town-dialogue-all.json,57f065340ab9e26d8119dec1,Town_PetraCapital_Common,자체 검수,2+9는?
town-dialogue-all.json,ba4a79fcde0c3876f6b74951,Town_PetraCapital_Common,자체 검수,11
town-dialogue-all.json,511b7e7048ab5b6b7652972e,Town_PetraCapital_Common,자체 검수,10
town-dialogue-all.json,e44f6645fcb6268d98ad25a2,Town_PetraCapital_Common,자체 검수,12
town-dialogue-all.json,d10dc4656ea1c84b1103481f,Town_PetraCapital_Common,자체 검수,8×7은?
town-dialogue-all.json,e7591bf93b643285931b297e,Town_PetraCapital_Common,자체 검수,56
town-dialogue-all.json,c5915b712010be8d63bf61b8,Town_PetraCapital_Common,자체 검수,57
town-dialogue-all.json,e22f1554b160f6fdd5808f8e,Town_PetraCapital_Common,자체 검수,58
town-dialogue-all.json,3b45c4460dfd526c25d03a04,Town_PetraCapital_Common,자체 검수,3+3+2는?
town-dialogue-all.json,7a32ab07613c8ee87f461b93,Town_PetraCapital_Common,자체 검수,6
town-dialogue-all.json,135fcc52b5773b1344013b95,Town_PetraCapital_Common,자체 검수,11-6은?
town-dialogue-all.json,0264d31836bc171673409e7e,Town_PetraCapital_Common,자체 검수,5
town-dialogue-all.json,a0068ae5badadc7f9e607b6d,Town_PetraCapital_Common,자체 검수,4
town-dialogue-all.json,b11ab87659677f99ea298681,Town_PetraCapital_Common,자체 검수,6+7은?
town-dialogue-all.json,8ae2ce867fe2b60df6c2d5e2,Town_PetraCapital_Common,자체 검수,13
town-dialogue-all.json,24e8ab58bfe2af86ca838c03,Town_PetraCapital_Common,자체 검수,14
town-dialogue-all.json,de461c82ac3f28c3972ffee8,Town_PetraCapital_Common,자체 검수,9-2+1은?
town-dialogue-all.json,beb01218e700f07e7d8a603e,Town_PetraCapital_Common,자체 검수,4+11은?
town-dialogue-all.json,58f604beaf3bfecf328b4b74,Town_PetraCapital_Common,자체 검수,15
town-dialogue-all.json,7130f40f8cee0f58d8f5d79f,Town_PetraCapital_Common,자체 검수,16
town-dialogue-all.json,8366be828f4d19e9f041031f,Town_PetraCapital_Common,자체 검수,6×7은?
town-dialogue-all.json,deb258bab5a3904fb2ae9b4b,Town_PetraCapital_Common,자체 검수,42
town-dialogue-all.json,68f4c7984a1d3354b948d8fe,Town_PetraCapital_Common,자체 검수,63
town-dialogue-all.json,6d7dd3545e3c534aeb8b1cd9,Town_PetraCapital_Common,자체 검수,6-4-1은?
town-dialogue-all.json,d62934a7ca1e1adff1f41e37,Town_PetraCapital_Common,자체 검수,1
town-dialogue-all.json,88ba08abbc9ae637525ac5ac,Town_PetraCapital_Common,자체 검수,0
town-dialogue-all.json,e582b973ad3e0855d9c76c76,Town_PetraCapital_Common,자체 검수,2
town-dialogue-all.json,2e1099b3567ed410f211f57f,Town_PetraCapital_Common,자체 검수,'OK! 내게 맡겨'
town-dialogue-all.json,b8f1e77583a167dacc8a11ac,Town_PetraCapital_Common,자체 검수,"제2의 무사이드가 되어
샤마르에 온 사람들을
여러 곳으로 안내할 거야!"
town-dialogue-all.json,20d74242d87d1a109a517b30,Town_PetraCapital_Common,자체 검수,'OK! 해 보자고'
town-dialogue-all.json,9be2389d1f7c3f4a58dc4f7e,Town_PetraCapital_Common,확정 검수 · 제작용 원문,<2인 대화><보조 대화>
town-dialogue-all.json,be043b485fec960838acb789,Town_PetraCapital_Common,확정 검수,'OK! 맡겨 둬'
town-dialogue-all.json,aa32ba224fd46191bd2b33e3,Town_Snow_Common,자체 검수,OK! 맡겨 줘
town-dialogue-all.json,3459a1cdfdfad2ddc42b3fd9,Town_Snow_Common,자체 검수,"s160n
잠들어 있지 않음
표시된다면 기술 오류"
town-dialogue-all.json,0d6e80efdff06162ebe7fefe,Town_Snow_Common,자체 검수,"s80d
항상 상점 주인입니다"
town-dialogue-all.json,ccdffe21680f210e174f2604,Town_Snow_Common,자체 검수,"s80n
항상 상점 주인입니다"
town-dialogue-all.json,682966e38c3ff87015f8f2fc,Town_Snow_Common,자체 검수,2인 대화의 보조 인물
town-dialogue-all.json,0835d31a83e0a4861c76a96b,Town_Snow_Common,자체 검수,"사실 곧 있으면
할멈과 맞는 50번째
결혼기념일인데…"
town-dialogue-all.json,d3e2e9082aa55f21457cfed0,Town_Snow_Common,자체 검수,"결혼 50주년을 맞으면
어떤 일을 하자고
약속했다네"
town-dialogue-all.json,d71c40ee901e59d3591868e4,Town_Snow_Common,자체 검수,"50번째 결혼기념일이
코앞이야!
나 큰일 났다…"
town-dialogue-all.json,c47293835f6512dba65242aa,Town_Snow_Common,자체 검수,OK! 맡겨 줘
town-dialogue-all.json,047360362497a35addf3ca9d,Town_Snow_Common,자체 검수,"결혼 50주년의
약속이 기억나지 않아서
대신할 선물을 준비하고 싶네"
town-dialogue-all.json,9e32d35541e06faa5f02b8ff,Town_Snow_Common,자체 검수,"역시 어떻게든
50년 전의 약속을
기억해 내고 싶구먼…"
town-dialogue-all.json,52c83b8113574affce4ecbc4,Town_Snow_Common,자체 검수,"결혼한 날에 저장해 둔
'말린 고기'를 50주년
기념일에 함께 먹는 것!"
town-dialogue-all.json,a40e63f9f88eb7514d0d3975,Town_Snow_Common,자체 검수,"이거야!
50년 동안 숙성된
약속의 '말린 고기'라네!"
town-dialogue-all.json,f76c90159d3ec22e51987c32,Town_Snow_Common,자체 검수,"얼마 전 TV에서
샤마르의 점술가를 봤더니
나도 해 보고 싶어졌어"
town-dialogue-all.json,c358b061f3e6f9ba3e60e529,Town_SouthEastAsia_Common,확정 검수,"신문 1면 머리기사로
실어 줄게!"
town-dialogue-all.json,2cfc4c107ee822ff71af074a,Town_SouthEastAsia_Common,자체 검수,OK! 나한테 맡겨
town-dialogue-all.json,215f50a7990c7a4b2e22f861,Town_SouthEastAsia_Common,자체 검수,"210 밤의 답변 1, 2는
210 낮과 동일"
town-dialogue-all.json,7bd7c0f3a56088a1c89c9bbb,Town_SouthEastAsia_Common,자체 검수,"220 밤의 답변은
220 낮과 동일"
town-dialogue-all.json,7e0072c9ee10899ea09f814e,Town_SouthEastAsia_Common,자체 검수,"230 밤의 답변은
230 낮과 동일"
town-dialogue-all.json,e61ad46d99e0b9c0cb4bacb1,Town_SouthEastAsia_Common,자체 검수,"240 밤의 답변은
240 낮과 동일"
town-dialogue-all.json,724cf70ead2927f54fda19e9,Town_SouthEastAsia_Common,자체 검수,"250 밤의 답변은
250 낮과 동일"
