japanese,english,korean,category,status,name_tag_exact_match
ソニック,Sonic,소닉,인물,확정,False
ソニック・ザ・ヘッジホッグ,Sonic the Hedgehog,소닉 더 헤지혹,인물 전체 이름,확정,False
Dr.エッグマン,Doctor Eggman / Eggman,Dr. 에그맨,인물·호칭,확정,False
ドクター,Doctor / Doc,닥터,인물·단독 호칭,확정,False
チップ,Chip,칩,인물,확정,False
ピックル教授,Professor Pickle,피클 교수,인물·호칭,확정,True
ダークガイア / ライトガイア,Dark Gaia / Light Gaia,다크 가이아 / 라이트 가이아,설정·인물,확정,False
エミー・ローズ,Amy Rose,에이미 로즈,인물,확정,False
ヤリ＝ペッカ,Jari-Pekka,야리페카,마을 인물,임시,True
マルケッタ,Marketa,마르케타,마을 인물,임시,True
サリアンナ,Sarianna,사리안나,마을 인물,임시,True
ウルスレ,Ursule,우르슬레,마을 인물,임시,True
ゾンシェン,Zonshen,종셴,마을 인물,임시,False
ヤリスレ,Yarisure,야리수레,마을 인물,임시,False
ナギ,Nagi,나기,마을 인물,임시,True
チャールズ,Charles,찰스,마을 인물,확정,False
ワーリン,Hualin,화린,마을 인물,임시,True
クワミ,Kwami,콰미,마을 인물,임시,True
ムサーイド,Musaid,무사이드,마을 인물,임시,True
ファティマ,Sammar,파티마,마을 인물,임시,True
クーウォド,Kwod,쿠워드,마을 인물,임시,True
サイイド,Sa'id,사이드,마을 인물,임시,True
ヤワ,Yawa,야와,마을 인물,임시,True
ルディ,Rudi,루디,마을 인물,임시,True
ティアンチャイ,Thianchai,티안차이,마을 인물,임시,True
ジャマル,Jamal,자말,마을 인물,확정,True
ケーオ,Keeo,케오,마을 인물·상점,임시,True
ランブロス,Lambros,람브로스,마을 인물,임시,True
チュン,Chun,춘,마을 인물,임시,True
イーリン,Yilin,이린,마을 인물,임시,True
リン,Lin,린,마을 인물,임시,True
テイルス,Tails,테일즈,인물,확정,True
エミー,Amy,에이미,인물,확정,True
エッグマン,Eggman,에그맨,인물·호칭,확정,False
グレゴリウス,Gregorios,그레고리오스,마을 인물,확정,False
シュイフォン,Shuifon,슈이폰,마을 인물,확정,True
ワン,Wang,왕,인물,확정,True
ジョセフ,Josef,조세프,마을 인물,확정,True
