archive,file,size,sha256,source,model
Compatibility/OriginalUpscale-1440p/Languages/English/+ActionCommon.ar.00,mat_gate_en_001.dds,"[1024, 1024]",00a8bfdded54c8e2bfa40d8b7da662054e7e646d898401a5226a70900afb92c9,Original game + own Korean composition,realesrgan-x4plus-anime
Compatibility/OriginalUpscale-1440p/Languages/English/+Loading.ar.00,mat_loadinfo_text_evil_e.dds,"[480, 640]",3235f12e844cdbf592a1557073688e96bc50ddfbbc3d429da206fe8838603f95,Original game + own Korean composition,realesrgan-x4plus-anime
Compatibility/OriginalUpscale-1440p/Languages/English/+Loading.ar.00,mat_loadinfo_text_sonic_e.dds,"[480, 640]",acae98991375c8e1a15feadbf06bc827e829fef65ba692357b38c0b2e59cc92b,Original game + own Korean composition,realesrgan-x4plus-anime
Compatibility/OriginalUpscale-1440p/Languages/English/+SonicActionCommon.ar.00,mat_su_en_001.dds,"[512, 256]",c15a4849344e9f8f6ffaa156a8b871f884fb1f70705904b0603d0f37a2de6e91,Original game + own Korean composition,realesrgan-x4plus-anime
Compatibility/OriginalUpscale-1440p/Languages/English/+SuperSonic.ar.00,mat_su_en_001.dds,"[512, 256]",c15a4849344e9f8f6ffaa156a8b871f884fb1f70705904b0603d0f37a2de6e91,Original game + own Korean composition,realesrgan-x4plus-anime
Compatibility/OriginalUpscale-1440p/Languages/English/+SystemCommonCore.ar.00,mat_comon_en_001.dds,"[256, 1024]",223099f0c32e91bb750688c1112e7df87dac445e137f741385076cde63e25425,Original game + own Korean composition,realesrgan-x4plus-anime
Compatibility/OriginalUpscale-1440p/Languages/English/+SystemCommonCore.ar.00,mat_comon_en_002.dds,"[512, 512]",b3d1c193dc4807df0ce9b46540e54eb7ea8cbc0263f8f03448eb812b70626d8f,Original game + own Korean composition,realesrgan-x4plus-anime
Compatibility/OriginalUpscale-1440p/Languages/English/+SystemCommonCore.ar.00,mat_pause_en_001.dds,"[512, 512]",0ca8307ebcb98d4137a897124d8f75f0a4e4ea243be6b642daf0a06fc5822e57,Original game + own Korean composition,realesrgan-x4plus-anime
Compatibility/OriginalUpscale-1440p/Languages/English/+SystemCommonCore.ar.00,mat_status_en_001.dds,"[256, 1024]",c86954a16de62256c7acb758b45c7809143c55554c9e73d85fc6d86f64b2c4b5,Original game + own Korean composition,realesrgan-x4plus-anime
Compatibility/OriginalUpscale-1440p/Languages/English/+Title.ar.00,mat_title_en_001.dds,"[512, 1024]",fa26a4f2d502cc44641224b89930700f12cc8bfc259ee881340e082ed5b83084,Original game + own Korean composition,realesrgan-x4plus-anime
Compatibility/OriginalUpscale-1440p/Languages/English/+Town_Common.ar.00,mat_pause_en_001.dds,"[512, 512]",03fcb9a6f5de6ca031174fa29f20322320e07f2994104cf4f6fdd2c42eb05808,Original game + own Korean composition,realesrgan-x4plus-anime
Compatibility/OriginalUpscale-1440p/Languages/English/+Town_Common.ar.00,mat_shop_en_001.dds,"[512, 256]",870bf7a7a134844b1e9b17cdbedf6872ef21d48324473829fb70030344214e9f,Original game + own Korean composition,realesrgan-x4plus-anime
Compatibility/OriginalUpscale-1440p/Languages/English/+Town_EggManBase_Common.ar.00,mat_gate_en_001.dds,"[1024, 1024]",00a8bfdded54c8e2bfa40d8b7da662054e7e646d898401a5226a70900afb92c9,Original game + own Korean composition,realesrgan-x4plus-anime
Compatibility/OriginalUpscale-1440p/Languages/English/+Town_Labo_Common.ar.00,mat_media_en_001.dds,"[1365, 1365]",a2c7df70c9a2b4f385868a57ab76d4e5039776f06989cf293713cadc12c260cf,Original game + own Korean composition,realesrgan-x4plus-anime
Compatibility/OriginalUpscale-1440p/Languages/English/+Town_Labo_Common.ar.00,mat_media_en_002.dds,"[1365, 1365]",c8a0a956822531458328492b4ee01b2031664da41ace55b51735737973c456ac,Original game + own Korean composition,realesrgan-x4plus-anime
Compatibility/OriginalUpscale-1440p/Languages/English/+WorldMap.ar.00,mat_worldmap_en_001.dds,"[512, 1024]",5db9ccda3248fd1dbe4b309ff3bd08df488e1c5348ff0c9c414709b47c9e4cb6,Original game + own Korean composition,own font rendering (blank canvas)
Compatibility/OriginalUpscale-1440p/Languages/English/+WorldMap.ar.01,mat_worldmap_en_002.dds,"[1024, 1024]",061470fa7b3ad019fd8e75bc37c032ec8892622cee63cdc3b9c8d6a43436d4b8,Original game + own Korean composition,own font rendering (blank canvas)
Compatibility/OriginalUpscale-1440p/+Town_Common.ar.00,mat_talk_comon_002.dds,"[512, 512]",be622d8b255894b11f0a765cf717e7883d32d1283891c5954ffe5fa784e8109d,Original game + own Korean composition,realesrgan-x4plus-anime
TitleLogos/Korean/+Title.ar.00,mat_title_001.dds,"[2048, 2048]",dae4a061b58173a7873dab0ef04e90d0ae56129889134168bc44bd131f615bd9,Original game + own Korean composition,realesrgan-x4plus-anime
TitleLogos/Korean/+Title.ar.01,mat_title_004.dds,"[1280, 1280]",ae095ffb4ace4c633bae8380ee237e0e9892e7b3a4aa92443ffd6f347e7582a2,Original game + own Korean composition,realesrgan-x4plus-anime
TitleLogos/Custom/+Title.ar.00,mat_title_001.dds,"[2048, 1024]",d75515fe4927244881cb775cccc11761b0ac1c71e942678b0d4064177df7b3a1,Original game + own Korean composition,realesrgan-x4plus-anime
TitleLogos/Custom/+Title.ar.01,mat_title_004.dds,"[1280, 1280]",2784a67dce9c9161351b17f1991fa53553ca72846b95856103da8f7ca488d2a8,Original game + own Korean composition,realesrgan-x4plus-anime
